Project Name,Package Name,Type Name,Method Name,Test Smell,Cause of the Smell
jdbc-connector-for-apache-kafka-master,io.aiven.connect.jdbc.util,TimeZoneValidatorTest,testAccuracy,Missing assertion,The tool detected the smell in this test method because the test doesn't have any assertion.
jdbc-connector-for-apache-kafka-master,io.aiven.connect.jdbc.util,TimeZoneValidatorTest,testTimeZoneNotSpecified,Missing assertion,The tool detected the smell in this test method because the test doesn't have any assertion.
jdbc-connector-for-apache-kafka-master,io.aiven.connect.jdbc.util,IdentifierRulesTest,testParsingWithMultiCharacterQuotes,Assertion roulette,The tool detected the smell in this test method because the test uses multiple assertion in the test. Total number of assertions in the test are: 6
jdbc-connector-for-apache-kafka-master,io.aiven.connect.jdbc.util,IdentifierRulesTest,testParsingWithDifferentLeadingAndTrailingQuotes,Assertion roulette,The tool detected the smell in this test method because the test uses multiple assertion in the test. Total number of assertions in the test are: 6
jdbc-connector-for-apache-kafka-master,io.aiven.connect.jdbc.util,IdentifierRulesTest,testParsingWithSingleCharacterQuotes,Assertion roulette,The tool detected the smell in this test method because the test uses multiple assertion in the test. Total number of assertions in the test are: 5
jdbc-connector-for-apache-kafka-master,io.aiven.connect.jdbc.util,IdentifierRulesTest,testParsingWithoutQuotes,Assertion roulette,The tool detected the smell in this test method because the test uses multiple assertion in the test. Total number of assertions in the test are: 4
jdbc-connector-for-apache-kafka-master,io.aiven.connect.jdbc.util,IdentifierRulesTest,testParsingWithUnsupportedQuotes,Assertion roulette,The tool detected the smell in this test method because the test uses multiple assertion in the test. Total number of assertions in the test are: 4
jdbc-connector-for-apache-kafka-master,io.aiven.connect.jdbc.source,JdbcSourceConnectorConfigTest,testConfigTableNameRecommenderWithoutSchemaOrTableTypes,Missing assertion,The tool detected the smell in this test method because the test doesn't have any assertion.
jdbc-connector-for-apache-kafka-master,io.aiven.connect.jdbc.source,JdbcSourceConnectorConfigTest,testConfigTableNameRecommenderWitSchemaAndWithoutTableTypes,Missing assertion,The tool detected the smell in this test method because the test doesn't have any assertion.
jdbc-connector-for-apache-kafka-master,io.aiven.connect.jdbc.source,JdbcSourceConnectorConfigTest,testConfigTableNameRecommenderWithSchemaAndTableTypes,Assertion roulette,The tool detected the smell in this test method because the test uses multiple assertion in the test. Total number of assertions in the test are: 2
jdbc-connector-for-apache-kafka-master,io.aiven.connect.jdbc.source,JdbcSourceConnectorConfigTest,testCachingRecommender,Assertion roulette,The tool detected the smell in this test method because the test uses multiple assertion in the test. Total number of assertions in the test are: 3
jdbc-connector-for-apache-kafka-master,io.aiven.connect.jdbc.source,JdbcSourceConnectorConfigTest,testCachedTableValuesReturnsNullResultAtOrAfterExpiryTime,Assertion roulette,The tool detected the smell in this test method because the test uses multiple assertion in the test. Total number of assertions in the test are: 2
jdbc-connector-for-apache-kafka-master,io.aiven.connect.jdbc.source,JdbcSourceConnectorConfigTest,testCachedTableValuesReturnsNullResultIfConfigurationChanges,Assertion roulette,The tool detected the smell in this test method because the test uses multiple assertion in the test. Total number of assertions in the test are: 3
jdbc-connector-for-apache-kafka-master,io.aiven.connect.jdbc.source,JdbcSourceTaskConversionTest,testBoolean,Missing assertion,The tool detected the smell in this test method because the test doesn't have any assertion.
jdbc-connector-for-apache-kafka-master,io.aiven.connect.jdbc.source,JdbcSourceTaskConversionTest,testNullableBoolean,Missing assertion,The tool detected the smell in this test method because the test doesn't have any assertion.
jdbc-connector-for-apache-kafka-master,io.aiven.connect.jdbc.source,JdbcSourceTaskConversionTest,testSmallInt,Missing assertion,The tool detected the smell in this test method because the test doesn't have any assertion.
jdbc-connector-for-apache-kafka-master,io.aiven.connect.jdbc.source,JdbcSourceTaskConversionTest,testNullableSmallInt,Missing assertion,The tool detected the smell in this test method because the test doesn't have any assertion.
jdbc-connector-for-apache-kafka-master,io.aiven.connect.jdbc.source,JdbcSourceTaskConversionTest,testInt,Missing assertion,The tool detected the smell in this test method because the test doesn't have any assertion.
jdbc-connector-for-apache-kafka-master,io.aiven.connect.jdbc.source,JdbcSourceTaskConversionTest,testNullableInt,Missing assertion,The tool detected the smell in this test method because the test doesn't have any assertion.
jdbc-connector-for-apache-kafka-master,io.aiven.connect.jdbc.source,JdbcSourceTaskConversionTest,testBigInt,Missing assertion,The tool detected the smell in this test method because the test doesn't have any assertion.
jdbc-connector-for-apache-kafka-master,io.aiven.connect.jdbc.source,JdbcSourceTaskConversionTest,testNullableBigInt,Missing assertion,The tool detected the smell in this test method because the test doesn't have any assertion.
jdbc-connector-for-apache-kafka-master,io.aiven.connect.jdbc.source,JdbcSourceTaskConversionTest,testReal,Missing assertion,The tool detected the smell in this test method because the test doesn't have any assertion.
jdbc-connector-for-apache-kafka-master,io.aiven.connect.jdbc.source,JdbcSourceTaskConversionTest,testNullableReal,Missing assertion,The tool detected the smell in this test method because the test doesn't have any assertion.
jdbc-connector-for-apache-kafka-master,io.aiven.connect.jdbc.source,JdbcSourceTaskConversionTest,testDouble,Missing assertion,The tool detected the smell in this test method because the test doesn't have any assertion.
jdbc-connector-for-apache-kafka-master,io.aiven.connect.jdbc.source,JdbcSourceTaskConversionTest,testNullableDouble,Missing assertion,The tool detected the smell in this test method because the test doesn't have any assertion.
jdbc-connector-for-apache-kafka-master,io.aiven.connect.jdbc.source,JdbcSourceTaskConversionTest,testChar,Missing assertion,The tool detected the smell in this test method because the test doesn't have any assertion.
jdbc-connector-for-apache-kafka-master,io.aiven.connect.jdbc.source,JdbcSourceTaskConversionTest,testNullableChar,Missing assertion,The tool detected the smell in this test method because the test doesn't have any assertion.
jdbc-connector-for-apache-kafka-master,io.aiven.connect.jdbc.source,JdbcSourceTaskConversionTest,testVarChar,Missing assertion,The tool detected the smell in this test method because the test doesn't have any assertion.
jdbc-connector-for-apache-kafka-master,io.aiven.connect.jdbc.source,JdbcSourceTaskConversionTest,testNullableVarChar,Missing assertion,The tool detected the smell in this test method because the test doesn't have any assertion.
jdbc-connector-for-apache-kafka-master,io.aiven.connect.jdbc.source,JdbcSourceTaskConversionTest,testBlob,Missing assertion,The tool detected the smell in this test method because the test doesn't have any assertion.
jdbc-connector-for-apache-kafka-master,io.aiven.connect.jdbc.source,JdbcSourceTaskConversionTest,testNullableBlob,Missing assertion,The tool detected the smell in this test method because the test doesn't have any assertion.
jdbc-connector-for-apache-kafka-master,io.aiven.connect.jdbc.source,JdbcSourceTaskConversionTest,testClob,Missing assertion,The tool detected the smell in this test method because the test doesn't have any assertion.
jdbc-connector-for-apache-kafka-master,io.aiven.connect.jdbc.source,JdbcSourceTaskConversionTest,testNullableClob,Missing assertion,The tool detected the smell in this test method because the test doesn't have any assertion.
jdbc-connector-for-apache-kafka-master,io.aiven.connect.jdbc.source,JdbcSourceTaskConversionTest,testBinary,Missing assertion,The tool detected the smell in this test method because the test doesn't have any assertion.
jdbc-connector-for-apache-kafka-master,io.aiven.connect.jdbc.source,JdbcSourceTaskConversionTest,testNullableBinary,Missing assertion,The tool detected the smell in this test method because the test doesn't have any assertion.
jdbc-connector-for-apache-kafka-master,io.aiven.connect.jdbc.source,JdbcSourceTaskConversionTest,testNumeric,Missing assertion,The tool detected the smell in this test method because the test doesn't have any assertion.
jdbc-connector-for-apache-kafka-master,io.aiven.connect.jdbc.source,JdbcSourceTaskConversionTest,testDecimal,Missing assertion,The tool detected the smell in this test method because the test doesn't have any assertion.
jdbc-connector-for-apache-kafka-master,io.aiven.connect.jdbc.source,JdbcSourceTaskConversionTest,testNullableDecimal,Missing assertion,The tool detected the smell in this test method because the test doesn't have any assertion.
jdbc-connector-for-apache-kafka-master,io.aiven.connect.jdbc.source,JdbcSourceTaskConversionTest,testDate,Missing assertion,The tool detected the smell in this test method because the test doesn't have any assertion.
jdbc-connector-for-apache-kafka-master,io.aiven.connect.jdbc.source,JdbcSourceTaskConversionTest,testNullableDate,Missing assertion,The tool detected the smell in this test method because the test doesn't have any assertion.
jdbc-connector-for-apache-kafka-master,io.aiven.connect.jdbc.source,JdbcSourceTaskConversionTest,testTime,Missing assertion,The tool detected the smell in this test method because the test doesn't have any assertion.
jdbc-connector-for-apache-kafka-master,io.aiven.connect.jdbc.source,JdbcSourceTaskConversionTest,testNullableTime,Missing assertion,The tool detected the smell in this test method because the test doesn't have any assertion.
jdbc-connector-for-apache-kafka-master,io.aiven.connect.jdbc.source,JdbcSourceTaskConversionTest,testTimestamp,Missing assertion,The tool detected the smell in this test method because the test doesn't have any assertion.
jdbc-connector-for-apache-kafka-master,io.aiven.connect.jdbc.source,JdbcSourceTaskConversionTest,testNullableTimestamp,Missing assertion,The tool detected the smell in this test method because the test doesn't have any assertion.
jdbc-connector-for-apache-kafka-master,io.aiven.connect.jdbc.source,JdbcSourceTaskConfigTest,testValidateQueryGiven,Missing assertion,The tool detected the smell in this test method because the test doesn't have any assertion.
jdbc-connector-for-apache-kafka-master,io.aiven.connect.jdbc.source,TimestampIncrementingCriteriaTest,extractIntOffset,Missing assertion,The tool detected the smell in this test method because the test doesn't have any assertion.
jdbc-connector-for-apache-kafka-master,io.aiven.connect.jdbc.source,TimestampIncrementingCriteriaTest,extractLongOffset,Missing assertion,The tool detected the smell in this test method because the test doesn't have any assertion.
jdbc-connector-for-apache-kafka-master,io.aiven.connect.jdbc.source,TimestampIncrementingCriteriaTest,extractDecimalOffset,Missing assertion,The tool detected the smell in this test method because the test doesn't have any assertion.
jdbc-connector-for-apache-kafka-master,io.aiven.connect.jdbc.source,TimestampIncrementingCriteriaTest,extractTooLargeDecimalOffset,Assertion roulette,The tool detected the smell in this test method because the test uses multiple assertion in the test. Total number of assertions in the test are: 2
jdbc-connector-for-apache-kafka-master,io.aiven.connect.jdbc.source,TimestampIncrementingCriteriaTest,extractFractionalDecimalOffset,Assertion roulette,The tool detected the smell in this test method because the test uses multiple assertion in the test. Total number of assertions in the test are: 2
jdbc-connector-for-apache-kafka-master,io.aiven.connect.jdbc.source,TimestampIncrementingCriteriaTest,extractWithIncColumn,Missing assertion,The tool detected the smell in this test method because the test doesn't have any assertion.
jdbc-connector-for-apache-kafka-master,io.aiven.connect.jdbc.source,JdbcSourceTaskLifecycleTest,testStartStop,Missing assertion,The tool detected the smell in this test method because the test doesn't have any assertion.
jdbc-connector-for-apache-kafka-master,io.aiven.connect.jdbc.source,JdbcSourceTaskLifecycleTest,testPollInterval,Assertion roulette,The tool detected the smell in this test method because the test uses multiple assertion in the test. Total number of assertions in the test are: 3
jdbc-connector-for-apache-kafka-master,io.aiven.connect.jdbc.source,JdbcSourceTaskLifecycleTest,testSingleUpdateMultiplePoll,Assertion roulette,The tool detected the smell in this test method because the test uses multiple assertion in the test. Total number of assertions in the test are: 5
jdbc-connector-for-apache-kafka-master,io.aiven.connect.jdbc.source,JdbcSourceTaskLifecycleTest,testMultipleTables,Assertion roulette,The tool detected the smell in this test method because the test uses multiple assertion in the test. Total number of assertions in the test are: 8
jdbc-connector-for-apache-kafka-master,io.aiven.connect.jdbc.source,JdbcSourceTaskLifecycleTest,testMultipleTablesMultiplePolls,Assertion roulette,The tool detected the smell in this test method because the test uses multiple assertion in the test. Total number of assertions in the test are: 4
jdbc-connector-for-apache-kafka-master,io.aiven.connect.jdbc.source,JdbcSourceTaskUpdateTest,testBulkPeriodicLoad,Assertion roulette,The tool detected the smell in this test method because the test uses multiple assertion in the test. Total number of assertions in the test are: 4
jdbc-connector-for-apache-kafka-master,io.aiven.connect.jdbc.source,JdbcSourceTaskUpdateTest,testManualIncrementing,Missing assertion,The tool detected the smell in this test method because the test doesn't have any assertion.
jdbc-connector-for-apache-kafka-master,io.aiven.connect.jdbc.source,JdbcSourceTaskUpdateTest,testManualIncrementingManualId,Missing assertion,The tool detected the smell in this test method because the test doesn't have any assertion.
jdbc-connector-for-apache-kafka-master,io.aiven.connect.jdbc.source,JdbcSourceTaskUpdateTest,testManualIncrementingManualCustomId,Missing assertion,The tool detected the smell in this test method because the test doesn't have any assertion.
jdbc-connector-for-apache-kafka-master,io.aiven.connect.jdbc.source,JdbcSourceTaskUpdateTest,testAutoincrement,Missing assertion,The tool detected the smell in this test method because the test doesn't have any assertion.
jdbc-connector-for-apache-kafka-master,io.aiven.connect.jdbc.source,JdbcSourceTaskUpdateTest,testTimestamp,Missing assertion,The tool detected the smell in this test method because the test doesn't have any assertion.
jdbc-connector-for-apache-kafka-master,io.aiven.connect.jdbc.source,JdbcSourceTaskUpdateTest,testTimestampManualOffset,Missing assertion,The tool detected the smell in this test method because the test doesn't have any assertion.
jdbc-connector-for-apache-kafka-master,io.aiven.connect.jdbc.source,JdbcSourceTaskUpdateTest,testTimestampCustomOffset,Missing assertion,The tool detected the smell in this test method because the test doesn't have any assertion.
jdbc-connector-for-apache-kafka-master,io.aiven.connect.jdbc.source,JdbcSourceTaskUpdateTest,testMultiColumnTimestamp,Missing assertion,The tool detected the smell in this test method because the test doesn't have any assertion.
jdbc-connector-for-apache-kafka-master,io.aiven.connect.jdbc.source,JdbcSourceTaskUpdateTest,testTimestampWithDelay,Missing assertion,The tool detected the smell in this test method because the test doesn't have any assertion.
jdbc-connector-for-apache-kafka-master,io.aiven.connect.jdbc.source,JdbcSourceTaskUpdateTest,testTimestampAndIncrementing,Missing assertion,The tool detected the smell in this test method because the test doesn't have any assertion.
jdbc-connector-for-apache-kafka-master,io.aiven.connect.jdbc.source,JdbcSourceTaskUpdateTest,testTimestampInNonUtcTimezone,Missing assertion,The tool detected the smell in this test method because the test doesn't have any assertion.
jdbc-connector-for-apache-kafka-master,io.aiven.connect.jdbc.source,JdbcSourceTaskUpdateTest,testMultiColumnTimestampAndIncrementing,Missing assertion,The tool detected the smell in this test method because the test doesn't have any assertion.
jdbc-connector-for-apache-kafka-master,io.aiven.connect.jdbc.source,JdbcSourceTaskUpdateTest,testManualIncrementingRestoreNoVersionOffset,Missing assertion,The tool detected the smell in this test method because the test doesn't have any assertion.
jdbc-connector-for-apache-kafka-master,io.aiven.connect.jdbc.source,JdbcSourceTaskUpdateTest,testManualIncrementingRestoreVersionOneOffset,Missing assertion,The tool detected the smell in this test method because the test doesn't have any assertion.
jdbc-connector-for-apache-kafka-master,io.aiven.connect.jdbc.source,JdbcSourceTaskUpdateTest,testManualIncrementingRestoreOffsetsWithMultipleProtocol,Missing assertion,The tool detected the smell in this test method because the test doesn't have any assertion.
jdbc-connector-for-apache-kafka-master,io.aiven.connect.jdbc.source,JdbcSourceTaskUpdateTest,testAutoincrementRestoreNoVersionOffset,Missing assertion,The tool detected the smell in this test method because the test doesn't have any assertion.
jdbc-connector-for-apache-kafka-master,io.aiven.connect.jdbc.source,JdbcSourceTaskUpdateTest,testAutoincrementRestoreVersionOneOffset,Missing assertion,The tool detected the smell in this test method because the test doesn't have any assertion.
jdbc-connector-for-apache-kafka-master,io.aiven.connect.jdbc.source,JdbcSourceTaskUpdateTest,testAutoincrementRestoreOffsetsWithMultipleProtocol,Missing assertion,The tool detected the smell in this test method because the test doesn't have any assertion.
jdbc-connector-for-apache-kafka-master,io.aiven.connect.jdbc.source,JdbcSourceTaskUpdateTest,testTimestampRestoreNoVersionOffset,Missing assertion,The tool detected the smell in this test method because the test doesn't have any assertion.
jdbc-connector-for-apache-kafka-master,io.aiven.connect.jdbc.source,JdbcSourceTaskUpdateTest,testTimestampRestoreVersionOneOffset,Missing assertion,The tool detected the smell in this test method because the test doesn't have any assertion.
jdbc-connector-for-apache-kafka-master,io.aiven.connect.jdbc.source,JdbcSourceTaskUpdateTest,testTimestampRestoreOffsetsWithMultipleProtocol,Missing assertion,The tool detected the smell in this test method because the test doesn't have any assertion.
jdbc-connector-for-apache-kafka-master,io.aiven.connect.jdbc.source,JdbcSourceTaskUpdateTest,testTimestampAndIncrementingRestoreNoVersionOffset,Missing assertion,The tool detected the smell in this test method because the test doesn't have any assertion.
jdbc-connector-for-apache-kafka-master,io.aiven.connect.jdbc.source,JdbcSourceTaskUpdateTest,testTimestampAndIncrementingRestoreVersionOneOffset,Missing assertion,The tool detected the smell in this test method because the test doesn't have any assertion.
jdbc-connector-for-apache-kafka-master,io.aiven.connect.jdbc.source,JdbcSourceTaskUpdateTest,testTimestampAndIncrementingRestoreOffsetsWithMultipleProtocol,Missing assertion,The tool detected the smell in this test method because the test doesn't have any assertion.
jdbc-connector-for-apache-kafka-master,io.aiven.connect.jdbc.source,JdbcSourceTaskUpdateTest,testCustomQueryBulk,Assertion roulette,The tool detected the smell in this test method because the test uses multiple assertion in the test. Total number of assertions in the test are: 4
jdbc-connector-for-apache-kafka-master,io.aiven.connect.jdbc.source,JdbcSourceTaskUpdateTest,testCustomQueryWithTimestamp,Missing assertion,The tool detected the smell in this test method because the test doesn't have any assertion.
jdbc-connector-for-apache-kafka-master,io.aiven.connect.jdbc.source,TimestampIncrementingOffsetTest,testDefaults,Assertion roulette,The tool detected the smell in this test method because the test uses multiple assertion in the test. Total number of assertions in the test are: 2
jdbc-connector-for-apache-kafka-master,io.aiven.connect.jdbc.source,TimestampIncrementingOffsetTest,testToMap,Assertion roulette,The tool detected the smell in this test method because the test uses multiple assertion in the test. Total number of assertions in the test are: 5
jdbc-connector-for-apache-kafka-master,io.aiven.connect.jdbc.source,TimestampIncrementingOffsetTest,testGetIncrementingOffset,Assertion roulette,The tool detected the smell in this test method because the test uses multiple assertion in the test. Total number of assertions in the test are: 5
jdbc-connector-for-apache-kafka-master,io.aiven.connect.jdbc.source,TimestampIncrementingOffsetTest,testGetTimestampOffset,Assertion roulette,The tool detected the smell in this test method because the test uses multiple assertion in the test. Total number of assertions in the test are: 6
jdbc-connector-for-apache-kafka-master,io.aiven.connect.jdbc.source,TimestampIncrementingOffsetTest,testFromMap,Assertion roulette,The tool detected the smell in this test method because the test uses multiple assertion in the test. Total number of assertions in the test are: 5
jdbc-connector-for-apache-kafka-master,io.aiven.connect.jdbc.source,TimestampIncrementingOffsetTest,testEquals,Assertion roulette,The tool detected the smell in this test method because the test uses multiple assertion in the test. Total number of assertions in the test are: 7
jdbc-connector-for-apache-kafka-master,io.aiven.connect.jdbc.sink,JdbcDbWriterTest,shouldGenerateNormalizedTableNameForTopic,Assertion roulette,The tool detected the smell in this test method because the test uses multiple assertion in the test. Total number of assertions in the test are: 6
jdbc-connector-for-apache-kafka-master,io.aiven.connect.jdbc.sink,JdbcDbWriterTest,autoCreateWithAutoEvolve,Assertion roulette,The tool detected the smell in this test method because the test uses multiple assertion in the test. Total number of assertions in the test are: 4
jdbc-connector-for-apache-kafka-master,io.aiven.connect.jdbc.sink,JdbcDbWriterTest,idempotentUpsertWithKafkaPk,Missing assertion,The tool detected the smell in this test method because the test doesn't have any assertion.
jdbc-connector-for-apache-kafka-master,io.aiven.connect.jdbc.sink,JdbcDbWriterTest,idempotentUpsertWithRecordKeyPk,Missing assertion,The tool detected the smell in this test method because the test doesn't have any assertion.
jdbc-connector-for-apache-kafka-master,io.aiven.connect.jdbc.sink,JdbcDbWriterTest,idempotentUpsertWithRecordValuePk,Missing assertion,The tool detected the smell in this test method because the test doesn't have any assertion.
jdbc-connector-for-apache-kafka-master,io.aiven.connect.jdbc.sink,JdbcDbWriterTest,sameRecordNTimes,Assertion roulette,The tool detected the smell in this test method because the test uses multiple assertion in the test. Total number of assertions in the test are: 14
jdbc-connector-for-apache-kafka-master,io.aiven.connect.jdbc.sink,BufferedRecordsTest,correctBatching,Assertion roulette,The tool detected the smell in this test method because the test uses multiple assertion in the test. Total number of assertions in the test are: 6
jdbc-connector-for-apache-kafka-master,io.aiven.connect.jdbc.sink,BufferedRecordsTest,testFlushSuccessNoInfo,Missing assertion,The tool detected the smell in this test method because the test doesn't have any assertion.
jdbc-connector-for-apache-kafka-master,io.aiven.connect.jdbc.sink,BufferedRecordsTest,testInsertModeUpdate,Missing assertion,The tool detected the smell in this test method because the test doesn't have any assertion.
jdbc-connector-for-apache-kafka-master,io.aiven.connect.jdbc.sink,BufferedRecordsTest,testInsertModeWithDeleteEnabled,Missing assertion,The tool detected the smell in this test method because the test doesn't have any assertion.
jdbc-connector-for-apache-kafka-master,io.aiven.connect.jdbc.sink,BufferedRecordsTest,testMultiInsertModeWithDeleteEnabled,Missing assertion,The tool detected the smell in this test method because the test doesn't have any assertion.
jdbc-connector-for-apache-kafka-master,io.aiven.connect.jdbc.sink,BufferedRecordsTest,testInsertModeMultiAutomaticFlush,Assertion roulette,The tool detected the smell in this test method because the test uses multiple assertion in the test. Total number of assertions in the test are: 2
jdbc-connector-for-apache-kafka-master,io.aiven.connect.jdbc.sink,BufferedRecordsTest,testInsertModeMultiExplicitFlush,Missing assertion,The tool detected the smell in this test method because the test doesn't have any assertion.
jdbc-connector-for-apache-kafka-master,io.aiven.connect.jdbc.sink,DbStructureTest,testMissingFieldsWithDifferentCase,Assertion roulette,The tool detected the smell in this test method because the test uses multiple assertion in the test. Total number of assertions in the test are: 3
jdbc-connector-for-apache-kafka-master,io.aiven.connect.jdbc.sink,SqliteHelperTest,returnTheDatabaseTableInformation,Assertion roulette,The tool detected the smell in this test method because the test uses multiple assertion in the test. Total number of assertions in the test are: 38
jdbc-connector-for-apache-kafka-master,io.aiven.connect.jdbc.sink,JdbcSinkConnectorTest,testValidate_withDeleteEnabledAndPkModeNotRecordKey_shouldAddErrorMessage,Assertion roulette,The tool detected the smell in this test method because the test uses multiple assertion in the test. Total number of assertions in the test are: 2
jdbc-connector-for-apache-kafka-master,io.aiven.connect.jdbc.sink,JdbcSinkConnectorTest,testValidate_withDeleteEnabledAndPkModeRecordKey_shouldNotAddErrorMessage,Assertion roulette,The tool detected the smell in this test method because the test uses multiple assertion in the test. Total number of assertions in the test are: 2
jdbc-connector-for-apache-kafka-master,io.aiven.connect.jdbc.sink,JdbcSinkConnectorTest,testValidate_pkModeRecordKey_shouldNotAddErrorMessage,Assertion roulette,The tool detected the smell in this test method because the test uses multiple assertion in the test. Total number of assertions in the test are: 2
jdbc-connector-for-apache-kafka-master,io.aiven.connect.jdbc.sink,JdbcSinkConnectorTest,testValidate_withDeleteDisabled_shouldNotAddErrorMessage,Assertion roulette,The tool detected the smell in this test method because the test uses multiple assertion in the test. Total number of assertions in the test are: 2
jdbc-connector-for-apache-kafka-master,io.aiven.connect.jdbc.sink,JdbcSinkTaskTest,putPropagatesToDbWithAutoCreateAndPkModeKafka,Assertion roulette,The tool detected the smell in this test method because the test uses multiple assertion in the test. Total number of assertions in the test are: 14
jdbc-connector-for-apache-kafka-master,io.aiven.connect.jdbc.sink,JdbcSinkTaskTest,putPropagatesToDbWithPkModeRecordValue,Assertion roulette,The tool detected the smell in this test method because the test uses multiple assertion in the test. Total number of assertions in the test are: 9
jdbc-connector-for-apache-kafka-master,io.aiven.connect.jdbc.sink,JdbcSinkTaskTest,retries,Assertion roulette,The tool detected the smell in this test method because the test uses multiple assertion in the test. Total number of assertions in the test are: 3
jdbc-connector-for-apache-kafka-master,io.aiven.connect.jdbc.sink,PreparedStatementBinderTest,bindRecordInsert,Missing assertion,The tool detected the smell in this test method because the test doesn't have any assertion.
jdbc-connector-for-apache-kafka-master,io.aiven.connect.jdbc.sink,PreparedStatementBinderTest,bindRecordUpsertMode,Missing assertion,The tool detected the smell in this test method because the test doesn't have any assertion.
jdbc-connector-for-apache-kafka-master,io.aiven.connect.jdbc.sink,PreparedStatementBinderTest,bindRecordUpdateMode,Missing assertion,The tool detected the smell in this test method because the test doesn't have any assertion.
jdbc-connector-for-apache-kafka-master,io.aiven.connect.jdbc.sink,JdbcSinkConfigTest,shouldParseTopicToTableMappings,Assertion roulette,The tool detected the smell in this test method because the test uses multiple assertion in the test. Total number of assertions in the test are: 2
jdbc-connector-for-apache-kafka-master,io.aiven.connect.jdbc.sink,JdbcSinkConfigTest,verifyDeleteEnabled,Assertion roulette,The tool detected the smell in this test method because the test uses multiple assertion in the test. Total number of assertions in the test are: 2
jdbc-connector-for-apache-kafka-master,io.aiven.connect.jdbc.sink,JdbcSinkConfigTest,shouldValidatePKModeKafkaWithInvalidPKFields,Assertion roulette,The tool detected the smell in this test method because the test uses multiple assertion in the test. Total number of assertions in the test are: 2
jdbc-connector-for-apache-kafka-master,io.aiven.connect.jdbc.sink,JdbcSinkConfigTest,shouldValidatePKModeRecordKeyWithNoPKFields,Assertion roulette,The tool detected the smell in this test method because the test uses multiple assertion in the test. Total number of assertions in the test are: 2
jdbc-connector-for-apache-kafka-master,io.aiven.connect.jdbc.sink,JdbcSinkConfigTest,shouldValidatePKModeRecordValueWithNoPKFields,Assertion roulette,The tool detected the smell in this test method because the test uses multiple assertion in the test. Total number of assertions in the test are: 2
jdbc-connector-for-apache-kafka-master,io.aiven.connect.jdbc.sink.metadata,FieldsMetadataTest,missingValueSchemaCanBeOk,Assertion roulette,The tool detected the smell in this test method because the test uses multiple assertion in the test. Total number of assertions in the test are: 2
jdbc-connector-for-apache-kafka-master,io.aiven.connect.jdbc.sink.metadata,FieldsMetadataTest,kafkaPkMode,Assertion roulette,The tool detected the smell in this test method because the test uses multiple assertion in the test. Total number of assertions in the test are: 11
jdbc-connector-for-apache-kafka-master,io.aiven.connect.jdbc.sink.metadata,FieldsMetadataTest,kafkaPkModeCustomNames,Assertion roulette,The tool detected the smell in this test method because the test uses multiple assertion in the test. Total number of assertions in the test are: 2
jdbc-connector-for-apache-kafka-master,io.aiven.connect.jdbc.sink.metadata,FieldsMetadataTest,recordKeyPkModePrimitiveKey,Assertion roulette,The tool detected the smell in this test method because the test uses multiple assertion in the test. Total number of assertions in the test are: 8
jdbc-connector-for-apache-kafka-master,io.aiven.connect.jdbc.sink.metadata,FieldsMetadataTest,recordValuePkModeWithValidPkFields,Assertion roulette,The tool detected the smell in this test method because the test uses multiple assertion in the test. Total number of assertions in the test are: 5
jdbc-connector-for-apache-kafka-master,io.aiven.connect.jdbc.sink.metadata,FieldsMetadataTest,recordValuePkModeWithPkFieldsAndWhitelistFiltering,Assertion roulette,The tool detected the smell in this test method because the test uses multiple assertion in the test. Total number of assertions in the test are: 2
jdbc-connector-for-apache-kafka-master,io.aiven.connect.jdbc.sink.metadata,FieldsMetadataTest,recordValuePkModeWithFieldsInOriginalOrdering,Assertion roulette,The tool detected the smell in this test method because the test uses multiple assertion in the test. Total number of assertions in the test are: 3
jdbc-connector-for-apache-kafka-master,io.aiven.connect.jdbc,JdbcSourceConnectorTest,testStartStop,Missing assertion,The tool detected the smell in this test method because the test doesn't have any assertion.
jdbc-connector-for-apache-kafka-master,io.aiven.connect.jdbc,JdbcSourceConnectorTest,testPartitioningOneTable,Assertion roulette,The tool detected the smell in this test method because the test uses multiple assertion in the test. Total number of assertions in the test are: 2
jdbc-connector-for-apache-kafka-master,io.aiven.connect.jdbc,JdbcSourceConnectorTest,testPartitioningManyTables,Assertion roulette,The tool detected the smell in this test method because the test uses multiple assertion in the test. Total number of assertions in the test are: 4
jdbc-connector-for-apache-kafka-master,io.aiven.connect.jdbc,JdbcSourceConnectorTest,testPartitioningUnqualifiedTables,Assertion roulette,The tool detected the smell in this test method because the test uses multiple assertion in the test. Total number of assertions in the test are: 4
jdbc-connector-for-apache-kafka-master,io.aiven.connect.jdbc,JdbcSourceConnectorTest,testPartitioningQuery,Assertion roulette,The tool detected the smell in this test method because the test uses multiple assertion in the test. Total number of assertions in the test are: 2
jdbc-connector-for-apache-kafka-master,io.aiven.connect.jdbc,JdbcSourceConnectorTest,testConflictingQueryTableSettings,Assertion roulette,The tool detected the smell in this test method because the test uses multiple assertion in the test. Total number of assertions in the test are: 3
jdbc-connector-for-apache-kafka-master,io.aiven.connect.jdbc,JdbcSourceConnectorTest,testExactlyOnceSupport,Assertion roulette,The tool detected the smell in this test method because the test uses multiple assertion in the test. Total number of assertions in the test are: 7
jdbc-connector-for-apache-kafka-master,io.aiven.connect.jdbc.dialect,PostgreSqlDatabaseDialectTest,shouldCreateConverterForJdbcTypes,Missing assertion,The tool detected the smell in this test method because the test doesn't have any assertion.
jdbc-connector-for-apache-kafka-master,io.aiven.connect.jdbc.dialect,PostgreSqlDatabaseDialectTest,shouldCreateConverterForUuidType,Missing assertion,The tool detected the smell in this test method because the test doesn't have any assertion.
jdbc-connector-for-apache-kafka-master,io.aiven.connect.jdbc.dialect,PostgreSqlDatabaseDialectTest,shouldMapPrimitiveSchemaTypeToSqlTypes,Assertion roulette,The tool detected the smell in this test method because the test uses multiple assertion in the test. Total number of assertions in the test are: 9
jdbc-connector-for-apache-kafka-master,io.aiven.connect.jdbc.dialect,PostgreSqlDatabaseDialectTest,shouldMapDecimalSchemaTypeToDecimalSqlType,Assertion roulette,The tool detected the smell in this test method because the test uses multiple assertion in the test. Total number of assertions in the test are: 4
jdbc-connector-for-apache-kafka-master,io.aiven.connect.jdbc.dialect,PostgreSqlDatabaseDialectTest,shouldMapDataTypes,Missing assertion,The tool detected the smell in this test method because the test doesn't have any assertion.
jdbc-connector-for-apache-kafka-master,io.aiven.connect.jdbc.dialect,PostgreSqlDatabaseDialectTest,createOneColNoPk,Missing assertion,The tool detected the smell in this test method because the test doesn't have any assertion.
jdbc-connector-for-apache-kafka-master,io.aiven.connect.jdbc.dialect,PostgreSqlDatabaseDialectTest,createOneColOnePk,Missing assertion,The tool detected the smell in this test method because the test doesn't have any assertion.
jdbc-connector-for-apache-kafka-master,io.aiven.connect.jdbc.dialect,PostgreSqlDatabaseDialectTest,createThreeColTwoPk,Missing assertion,The tool detected the smell in this test method because the test doesn't have any assertion.
jdbc-connector-for-apache-kafka-master,io.aiven.connect.jdbc.dialect,PostgreSqlDatabaseDialectTest,alterAddOneCol,Missing assertion,The tool detected the smell in this test method because the test doesn't have any assertion.
jdbc-connector-for-apache-kafka-master,io.aiven.connect.jdbc.dialect,PostgreSqlDatabaseDialectTest,alterAddTwoCol,Missing assertion,The tool detected the smell in this test method because the test doesn't have any assertion.
jdbc-connector-for-apache-kafka-master,io.aiven.connect.jdbc.dialect,PostgreSqlDatabaseDialectTest,bindFieldArrayUnsupported,Missing assertion,The tool detected the smell in this test method because the test doesn't have any assertion.
jdbc-connector-for-apache-kafka-master,io.aiven.connect.jdbc.dialect,PostgreSqlDatabaseDialectTest,bindFieldArrayUnsupported,Empty test,The tool detected the smell in this test method because the test is empty.
jdbc-connector-for-apache-kafka-master,io.aiven.connect.jdbc.dialect,PostgreSqlDatabaseDialectTest,bindFieldArray,Missing assertion,The tool detected the smell in this test method because the test doesn't have any assertion.
jdbc-connector-for-apache-kafka-master,io.aiven.connect.jdbc.dialect,VerticaDatabaseDialectTest,shouldMapPrimitiveSchemaTypeToSqlTypes,Assertion roulette,The tool detected the smell in this test method because the test uses multiple assertion in the test. Total number of assertions in the test are: 9
jdbc-connector-for-apache-kafka-master,io.aiven.connect.jdbc.dialect,VerticaDatabaseDialectTest,shouldMapDecimalSchemaTypeToDecimalSqlType,Assertion roulette,The tool detected the smell in this test method because the test uses multiple assertion in the test. Total number of assertions in the test are: 4
jdbc-connector-for-apache-kafka-master,io.aiven.connect.jdbc.dialect,VerticaDatabaseDialectTest,shouldMapDataTypes,Missing assertion,The tool detected the smell in this test method because the test doesn't have any assertion.
jdbc-connector-for-apache-kafka-master,io.aiven.connect.jdbc.dialect,VerticaDatabaseDialectTest,createOneColNoPk,Missing assertion,The tool detected the smell in this test method because the test doesn't have any assertion.
jdbc-connector-for-apache-kafka-master,io.aiven.connect.jdbc.dialect,VerticaDatabaseDialectTest,createOneColOnePk,Missing assertion,The tool detected the smell in this test method because the test doesn't have any assertion.
jdbc-connector-for-apache-kafka-master,io.aiven.connect.jdbc.dialect,VerticaDatabaseDialectTest,createThreeColTwoPk,Missing assertion,The tool detected the smell in this test method because the test doesn't have any assertion.
jdbc-connector-for-apache-kafka-master,io.aiven.connect.jdbc.dialect,VerticaDatabaseDialectTest,alterAddOneCol,Missing assertion,The tool detected the smell in this test method because the test doesn't have any assertion.
jdbc-connector-for-apache-kafka-master,io.aiven.connect.jdbc.dialect,VerticaDatabaseDialectTest,alterAddTwoCol,Missing assertion,The tool detected the smell in this test method because the test doesn't have any assertion.
jdbc-connector-for-apache-kafka-master,io.aiven.connect.jdbc.dialect,SqlServerDatabaseDialectTest,shouldMapPrimitiveSchemaTypeToSqlTypes,Assertion roulette,The tool detected the smell in this test method because the test uses multiple assertion in the test. Total number of assertions in the test are: 9
jdbc-connector-for-apache-kafka-master,io.aiven.connect.jdbc.dialect,SqlServerDatabaseDialectTest,shouldMapDecimalSchemaTypeToDecimalSqlType,Assertion roulette,The tool detected the smell in this test method because the test uses multiple assertion in the test. Total number of assertions in the test are: 4
jdbc-connector-for-apache-kafka-master,io.aiven.connect.jdbc.dialect,SqlServerDatabaseDialectTest,shouldMapDataTypes,Missing assertion,The tool detected the smell in this test method because the test doesn't have any assertion.
jdbc-connector-for-apache-kafka-master,io.aiven.connect.jdbc.dialect,SqlServerDatabaseDialectTest,createOneColNoPk,Missing assertion,The tool detected the smell in this test method because the test doesn't have any assertion.
jdbc-connector-for-apache-kafka-master,io.aiven.connect.jdbc.dialect,SqlServerDatabaseDialectTest,createOneColOnePk,Missing assertion,The tool detected the smell in this test method because the test doesn't have any assertion.
jdbc-connector-for-apache-kafka-master,io.aiven.connect.jdbc.dialect,SqlServerDatabaseDialectTest,createThreeColTwoPk,Missing assertion,The tool detected the smell in this test method because the test doesn't have any assertion.
jdbc-connector-for-apache-kafka-master,io.aiven.connect.jdbc.dialect,SqlServerDatabaseDialectTest,alterAddOneCol,Missing assertion,The tool detected the smell in this test method because the test doesn't have any assertion.
jdbc-connector-for-apache-kafka-master,io.aiven.connect.jdbc.dialect,SqlServerDatabaseDialectTest,alterAddTwoCol,Missing assertion,The tool detected the smell in this test method because the test doesn't have any assertion.
jdbc-connector-for-apache-kafka-master,io.aiven.connect.jdbc.dialect,SqlServerDatabaseDialectTest,shouldSanitizeUrlWithCredentialsInUrlProperties,Assertion roulette,The tool detected the smell in this test method because the test uses multiple assertion in the test. Total number of assertions in the test are: 2
jdbc-connector-for-apache-kafka-master,io.aiven.connect.jdbc.dialect,SybaseDatabaseDialectTest,shouldMapPrimitiveSchemaTypeToSqlTypes,Assertion roulette,The tool detected the smell in this test method because the test uses multiple assertion in the test. Total number of assertions in the test are: 9
jdbc-connector-for-apache-kafka-master,io.aiven.connect.jdbc.dialect,SybaseDatabaseDialectTest,shouldMapDecimalSchemaTypeToDecimalSqlType,Assertion roulette,The tool detected the smell in this test method because the test uses multiple assertion in the test. Total number of assertions in the test are: 4
jdbc-connector-for-apache-kafka-master,io.aiven.connect.jdbc.dialect,SybaseDatabaseDialectTest,shouldMapDataTypes,Missing assertion,The tool detected the smell in this test method because the test doesn't have any assertion.
jdbc-connector-for-apache-kafka-master,io.aiven.connect.jdbc.dialect,SybaseDatabaseDialectTest,createOneColNoPk,Missing assertion,The tool detected the smell in this test method because the test doesn't have any assertion.
jdbc-connector-for-apache-kafka-master,io.aiven.connect.jdbc.dialect,SybaseDatabaseDialectTest,createOneColOnePk,Missing assertion,The tool detected the smell in this test method because the test doesn't have any assertion.
jdbc-connector-for-apache-kafka-master,io.aiven.connect.jdbc.dialect,SybaseDatabaseDialectTest,createThreeColTwoPk,Missing assertion,The tool detected the smell in this test method because the test doesn't have any assertion.
jdbc-connector-for-apache-kafka-master,io.aiven.connect.jdbc.dialect,SybaseDatabaseDialectTest,alterAddOneCol,Missing assertion,The tool detected the smell in this test method because the test doesn't have any assertion.
jdbc-connector-for-apache-kafka-master,io.aiven.connect.jdbc.dialect,SybaseDatabaseDialectTest,alterAddTwoCol,Missing assertion,The tool detected the smell in this test method because the test doesn't have any assertion.
jdbc-connector-for-apache-kafka-master,io.aiven.connect.jdbc.dialect,SybaseDatabaseDialectTest,bindFieldPrimitiveValues,Missing assertion,The tool detected the smell in this test method because the test doesn't have any assertion.
jdbc-connector-for-apache-kafka-master,io.aiven.connect.jdbc.dialect,MySqlDatabaseDialectTest,shouldMapPrimitiveSchemaTypeToSqlTypes,Assertion roulette,The tool detected the smell in this test method because the test uses multiple assertion in the test. Total number of assertions in the test are: 9
jdbc-connector-for-apache-kafka-master,io.aiven.connect.jdbc.dialect,MySqlDatabaseDialectTest,shouldMapDecimalSchemaTypeToDecimalSqlType,Assertion roulette,The tool detected the smell in this test method because the test uses multiple assertion in the test. Total number of assertions in the test are: 4
jdbc-connector-for-apache-kafka-master,io.aiven.connect.jdbc.dialect,MySqlDatabaseDialectTest,shouldMapDataTypes,Missing assertion,The tool detected the smell in this test method because the test doesn't have any assertion.
jdbc-connector-for-apache-kafka-master,io.aiven.connect.jdbc.dialect,MySqlDatabaseDialectTest,createOneColNoPk,Missing assertion,The tool detected the smell in this test method because the test doesn't have any assertion.
jdbc-connector-for-apache-kafka-master,io.aiven.connect.jdbc.dialect,MySqlDatabaseDialectTest,createOneColOnePk,Missing assertion,The tool detected the smell in this test method because the test doesn't have any assertion.
jdbc-connector-for-apache-kafka-master,io.aiven.connect.jdbc.dialect,MySqlDatabaseDialectTest,createThreeColTwoPk,Missing assertion,The tool detected the smell in this test method because the test doesn't have any assertion.
jdbc-connector-for-apache-kafka-master,io.aiven.connect.jdbc.dialect,MySqlDatabaseDialectTest,alterAddOneCol,Missing assertion,The tool detected the smell in this test method because the test doesn't have any assertion.
jdbc-connector-for-apache-kafka-master,io.aiven.connect.jdbc.dialect,MySqlDatabaseDialectTest,alterAddTwoCol,Missing assertion,The tool detected the smell in this test method because the test doesn't have any assertion.
jdbc-connector-for-apache-kafka-master,io.aiven.connect.jdbc.dialect,BaseDialectTest,bindFieldPrimitiveValues,Missing assertion,The tool detected the smell in this test method because the test doesn't have any assertion.
jdbc-connector-for-apache-kafka-master,io.aiven.connect.jdbc.dialect,BaseDialectTest,bindFieldNull,Missing assertion,The tool detected the smell in this test method because the test doesn't have any assertion.
jdbc-connector-for-apache-kafka-master,io.aiven.connect.jdbc.dialect,OracleDatabaseDialectTest,shouldMapPrimitiveSchemaTypeToSqlTypes,Assertion roulette,The tool detected the smell in this test method because the test uses multiple assertion in the test. Total number of assertions in the test are: 9
jdbc-connector-for-apache-kafka-master,io.aiven.connect.jdbc.dialect,OracleDatabaseDialectTest,shouldMapDecimalSchemaTypeToDecimalSqlType,Assertion roulette,The tool detected the smell in this test method because the test uses multiple assertion in the test. Total number of assertions in the test are: 4
jdbc-connector-for-apache-kafka-master,io.aiven.connect.jdbc.dialect,OracleDatabaseDialectTest,shouldMapDataTypes,Missing assertion,The tool detected the smell in this test method because the test doesn't have any assertion.
jdbc-connector-for-apache-kafka-master,io.aiven.connect.jdbc.dialect,OracleDatabaseDialectTest,createOneColNoPk,Missing assertion,The tool detected the smell in this test method because the test doesn't have any assertion.
jdbc-connector-for-apache-kafka-master,io.aiven.connect.jdbc.dialect,OracleDatabaseDialectTest,createOneColOnePk,Missing assertion,The tool detected the smell in this test method because the test doesn't have any assertion.
jdbc-connector-for-apache-kafka-master,io.aiven.connect.jdbc.dialect,OracleDatabaseDialectTest,createThreeColTwoPk,Missing assertion,The tool detected the smell in this test method because the test doesn't have any assertion.
jdbc-connector-for-apache-kafka-master,io.aiven.connect.jdbc.dialect,OracleDatabaseDialectTest,alterAddOneCol,Missing assertion,The tool detected the smell in this test method because the test doesn't have any assertion.
jdbc-connector-for-apache-kafka-master,io.aiven.connect.jdbc.dialect,OracleDatabaseDialectTest,alterAddTwoCol,Missing assertion,The tool detected the smell in this test method because the test doesn't have any assertion.
jdbc-connector-for-apache-kafka-master,io.aiven.connect.jdbc.dialect,OracleDatabaseDialectTest,shouldSanitizeUrlWithCredentialsInHosts,Assertion roulette,The tool detected the smell in this test method because the test uses multiple assertion in the test. Total number of assertions in the test are: 2
jdbc-connector-for-apache-kafka-master,io.aiven.connect.jdbc.dialect,GenericDatabaseDialectTest,testGetTablesNarrowedToSchemas,Assertion roulette,The tool detected the smell in this test method because the test uses multiple assertion in the test. Total number of assertions in the test are: 8
jdbc-connector-for-apache-kafka-master,io.aiven.connect.jdbc.dialect,GenericDatabaseDialectTest,testDescribeTable,Assertion roulette,The tool detected the smell in this test method because the test uses multiple assertion in the test. Total number of assertions in the test are: 13
jdbc-connector-for-apache-kafka-master,io.aiven.connect.jdbc.dialect,GenericDatabaseDialectTest,testDescribeColumns,Assertion roulette,The tool detected the smell in this test method because the test uses multiple assertion in the test. Total number of assertions in the test are: 14
jdbc-connector-for-apache-kafka-master,io.aiven.connect.jdbc.dialect,GenericDatabaseDialectTest,formatColumnValue,Missing assertion,The tool detected the smell in this test method because the test doesn't have any assertion.
jdbc-connector-for-apache-kafka-master,io.aiven.connect.jdbc.dialect,GenericDatabaseDialectTest,writeColumnSpec,Missing assertion,The tool detected the smell in this test method because the test doesn't have any assertion.
jdbc-connector-for-apache-kafka-master,io.aiven.connect.jdbc.dialect,DatabaseDialectsTest,shouldFindGenericDialect,Missing assertion,The tool detected the smell in this test method because the test doesn't have any assertion.
jdbc-connector-for-apache-kafka-master,io.aiven.connect.jdbc.dialect,DatabaseDialectsTest,shouldFindDerbyDialect,Missing assertion,The tool detected the smell in this test method because the test doesn't have any assertion.
jdbc-connector-for-apache-kafka-master,io.aiven.connect.jdbc.dialect,DatabaseDialectsTest,shouldFindOracleDialect,Missing assertion,The tool detected the smell in this test method because the test doesn't have any assertion.
jdbc-connector-for-apache-kafka-master,io.aiven.connect.jdbc.dialect,DatabaseDialectsTest,shouldFindSqliteDialect,Missing assertion,The tool detected the smell in this test method because the test doesn't have any assertion.
jdbc-connector-for-apache-kafka-master,io.aiven.connect.jdbc.dialect,DatabaseDialectsTest,shouldFindPostgreSqlDialect,Missing assertion,The tool detected the smell in this test method because the test doesn't have any assertion.
jdbc-connector-for-apache-kafka-master,io.aiven.connect.jdbc.dialect,DatabaseDialectsTest,shouldFindMySqlDialect,Missing assertion,The tool detected the smell in this test method because the test doesn't have any assertion.
jdbc-connector-for-apache-kafka-master,io.aiven.connect.jdbc.dialect,DatabaseDialectsTest,shouldFindSqlServerDialect,Missing assertion,The tool detected the smell in this test method because the test doesn't have any assertion.
jdbc-connector-for-apache-kafka-master,io.aiven.connect.jdbc.dialect,DatabaseDialectsTest,shouldFindSapDialect,Missing assertion,The tool detected the smell in this test method because the test doesn't have any assertion.
jdbc-connector-for-apache-kafka-master,io.aiven.connect.jdbc.dialect,DatabaseDialectsTest,shouldFindVerticaDialect,Missing assertion,The tool detected the smell in this test method because the test doesn't have any assertion.
jdbc-connector-for-apache-kafka-master,io.aiven.connect.jdbc.dialect,DatabaseDialectsTest,shouldFindMockDialect,Missing assertion,The tool detected the smell in this test method because the test doesn't have any assertion.
jdbc-connector-for-apache-kafka-master,io.aiven.connect.jdbc.dialect,SqliteDatabaseDialectTest,shouldMapPrimitiveSchemaTypeToSqlTypes,Assertion roulette,The tool detected the smell in this test method because the test uses multiple assertion in the test. Total number of assertions in the test are: 9
jdbc-connector-for-apache-kafka-master,io.aiven.connect.jdbc.dialect,SqliteDatabaseDialectTest,shouldMapDecimalSchemaTypeToDecimalSqlType,Assertion roulette,The tool detected the smell in this test method because the test uses multiple assertion in the test. Total number of assertions in the test are: 4
jdbc-connector-for-apache-kafka-master,io.aiven.connect.jdbc.dialect,SqliteDatabaseDialectTest,shouldMapDataTypes,Missing assertion,The tool detected the smell in this test method because the test doesn't have any assertion.
jdbc-connector-for-apache-kafka-master,io.aiven.connect.jdbc.dialect,SqliteDatabaseDialectTest,createOneColNoPk,Missing assertion,The tool detected the smell in this test method because the test doesn't have any assertion.
jdbc-connector-for-apache-kafka-master,io.aiven.connect.jdbc.dialect,SqliteDatabaseDialectTest,createOneColOnePk,Missing assertion,The tool detected the smell in this test method because the test doesn't have any assertion.
jdbc-connector-for-apache-kafka-master,io.aiven.connect.jdbc.dialect,SqliteDatabaseDialectTest,createThreeColTwoPk,Missing assertion,The tool detected the smell in this test method because the test doesn't have any assertion.
jdbc-connector-for-apache-kafka-master,io.aiven.connect.jdbc.dialect,SqliteDatabaseDialectTest,alterAddOneCol,Missing assertion,The tool detected the smell in this test method because the test doesn't have any assertion.
jdbc-connector-for-apache-kafka-master,io.aiven.connect.jdbc.dialect,SqliteDatabaseDialectTest,alterAddTwoCol,Missing assertion,The tool detected the smell in this test method because the test doesn't have any assertion.
jdbc-connector-for-apache-kafka-master,io.aiven.connect.jdbc.dialect,SqliteDatabaseDialectTest,testDescribeTable,Assertion roulette,The tool detected the smell in this test method because the test uses multiple assertion in the test. Total number of assertions in the test are: 13
jdbc-connector-for-apache-kafka-master,io.aiven.connect.jdbc.dialect,Db2DatabaseDialectTest,shouldMapPrimitiveSchemaTypeToSqlTypes,Assertion roulette,The tool detected the smell in this test method because the test uses multiple assertion in the test. Total number of assertions in the test are: 9
jdbc-connector-for-apache-kafka-master,io.aiven.connect.jdbc.dialect,Db2DatabaseDialectTest,shouldMapDecimalSchemaTypeToDecimalSqlType,Assertion roulette,The tool detected the smell in this test method because the test uses multiple assertion in the test. Total number of assertions in the test are: 2
jdbc-connector-for-apache-kafka-master,io.aiven.connect.jdbc.dialect,Db2DatabaseDialectTest,shouldMapDataTypes,Missing assertion,The tool detected the smell in this test method because the test doesn't have any assertion.
jdbc-connector-for-apache-kafka-master,io.aiven.connect.jdbc.dialect,Db2DatabaseDialectTest,createOneColNoPk,Missing assertion,The tool detected the smell in this test method because the test doesn't have any assertion.
jdbc-connector-for-apache-kafka-master,io.aiven.connect.jdbc.dialect,Db2DatabaseDialectTest,createOneColOnePk,Missing assertion,The tool detected the smell in this test method because the test doesn't have any assertion.
jdbc-connector-for-apache-kafka-master,io.aiven.connect.jdbc.dialect,Db2DatabaseDialectTest,createThreeColTwoPk,Missing assertion,The tool detected the smell in this test method because the test doesn't have any assertion.
jdbc-connector-for-apache-kafka-master,io.aiven.connect.jdbc.dialect,Db2DatabaseDialectTest,alterAddOneCol,Missing assertion,The tool detected the smell in this test method because the test doesn't have any assertion.
jdbc-connector-for-apache-kafka-master,io.aiven.connect.jdbc.dialect,Db2DatabaseDialectTest,alterAddTwoCol,Missing assertion,The tool detected the smell in this test method because the test doesn't have any assertion.
jdbc-connector-for-apache-kafka-master,io.aiven.connect.jdbc.dialect,Db2DatabaseDialectTest,shouldSanitizeUrlWithCredentialsInUrlProperties,Assertion roulette,The tool detected the smell in this test method because the test uses multiple assertion in the test. Total number of assertions in the test are: 2
jdbc-connector-for-apache-kafka-master,io.aiven.connect.jdbc.dialect,DerbyDatabaseDialectTest,shouldMapPrimitiveSchemaTypeToSqlTypes,Assertion roulette,The tool detected the smell in this test method because the test uses multiple assertion in the test. Total number of assertions in the test are: 9
jdbc-connector-for-apache-kafka-master,io.aiven.connect.jdbc.dialect,DerbyDatabaseDialectTest,shouldMapDecimalSchemaTypeToDecimalSqlType,Assertion roulette,The tool detected the smell in this test method because the test uses multiple assertion in the test. Total number of assertions in the test are: 2
jdbc-connector-for-apache-kafka-master,io.aiven.connect.jdbc.dialect,DerbyDatabaseDialectTest,shouldMapDataTypes,Missing assertion,The tool detected the smell in this test method because the test doesn't have any assertion.
jdbc-connector-for-apache-kafka-master,io.aiven.connect.jdbc.dialect,DerbyDatabaseDialectTest,createOneColNoPk,Missing assertion,The tool detected the smell in this test method because the test doesn't have any assertion.
jdbc-connector-for-apache-kafka-master,io.aiven.connect.jdbc.dialect,DerbyDatabaseDialectTest,createOneColOnePk,Missing assertion,The tool detected the smell in this test method because the test doesn't have any assertion.
jdbc-connector-for-apache-kafka-master,io.aiven.connect.jdbc.dialect,DerbyDatabaseDialectTest,createThreeColTwoPk,Missing assertion,The tool detected the smell in this test method because the test doesn't have any assertion.
jdbc-connector-for-apache-kafka-master,io.aiven.connect.jdbc.dialect,DerbyDatabaseDialectTest,alterAddOneCol,Missing assertion,The tool detected the smell in this test method because the test doesn't have any assertion.
jdbc-connector-for-apache-kafka-master,io.aiven.connect.jdbc.dialect,DerbyDatabaseDialectTest,alterAddTwoCol,Missing assertion,The tool detected the smell in this test method because the test doesn't have any assertion.
jdbc-connector-for-apache-kafka-master,io.aiven.connect.jdbc.dialect,DerbyDatabaseDialectTest,shouldBuildUpsertStatement,Ignored test,The tool detected the smell in this test method because the test is excluded from testing.
jdbc-connector-for-apache-kafka-master,io.aiven.connect.jdbc.dialect,DerbyDatabaseDialectTest,upsert,Ignored test,The tool detected the smell in this test method because the test is excluded from testing.
jdbc-connector-for-apache-kafka-master,io.aiven.connect.jdbc.dialect,DerbyDatabaseDialectTest,shouldSanitizeUrlWithCredentialsInUrlProperties,Assertion roulette,The tool detected the smell in this test method because the test uses multiple assertion in the test. Total number of assertions in the test are: 2
jdbc-connector-for-apache-kafka-master,io.aiven.connect.jdbc.dialect,SapHanaDatabaseDialectTest,shouldMapPrimitiveSchemaTypeToSqlTypes,Assertion roulette,The tool detected the smell in this test method because the test uses multiple assertion in the test. Total number of assertions in the test are: 9
jdbc-connector-for-apache-kafka-master,io.aiven.connect.jdbc.dialect,SapHanaDatabaseDialectTest,shouldMapDecimalSchemaTypeToDecimalSqlType,Assertion roulette,The tool detected the smell in this test method because the test uses multiple assertion in the test. Total number of assertions in the test are: 4
jdbc-connector-for-apache-kafka-master,io.aiven.connect.jdbc.dialect,SapHanaDatabaseDialectTest,shouldMapDataTypes,Missing assertion,The tool detected the smell in this test method because the test doesn't have any assertion.
jdbc-connector-for-apache-kafka-master,io.aiven.connect.jdbc.dialect,SapHanaDatabaseDialectTest,createOneColNoPk,Missing assertion,The tool detected the smell in this test method because the test doesn't have any assertion.
jdbc-connector-for-apache-kafka-master,io.aiven.connect.jdbc.dialect,SapHanaDatabaseDialectTest,createOneColOnePk,Missing assertion,The tool detected the smell in this test method because the test doesn't have any assertion.
jdbc-connector-for-apache-kafka-master,io.aiven.connect.jdbc.dialect,SapHanaDatabaseDialectTest,createThreeColTwoPk,Missing assertion,The tool detected the smell in this test method because the test doesn't have any assertion.
jdbc-connector-for-apache-kafka-master,io.aiven.connect.jdbc.dialect,SapHanaDatabaseDialectTest,alterAddOneCol,Missing assertion,The tool detected the smell in this test method because the test doesn't have any assertion.
jdbc-connector-for-apache-kafka-master,io.aiven.connect.jdbc.dialect,SapHanaDatabaseDialectTest,alterAddTwoCol,Missing assertion,The tool detected the smell in this test method because the test doesn't have any assertion.
jdbc-connector-for-apache-kafka-master,io.aiven.kafka.connect.jdbc.oracle,VerifyInsertIT,testSinkConnector,Assertion roulette,The tool detected the smell in this test method because the test uses multiple assertion in the test. Total number of assertions in the test are: 2
jdbc-connector-for-apache-kafka-master,io.aiven.kafka.connect.jdbc.oracle,VerifyInsertIT,testSinkWithPKModeRecordKeyConnector,Assertion roulette,The tool detected the smell in this test method because the test uses multiple assertion in the test. Total number of assertions in the test are: 2
jdbc-connector-for-apache-kafka-master,io.aiven.kafka.connect.jdbc.oracle,VerifyInsertIT,testSinkConnectorInDeleteMode,Assertion roulette,The tool detected the smell in this test method because the test uses multiple assertion in the test. Total number of assertions in the test are: 2
jdbc-connector-for-apache-kafka-master,io.aiven.kafka.connect.jdbc.oracle,VerifyInsertIT,testMultiInsertInDeleteMode,Assertion roulette,The tool detected the smell in this test method because the test uses multiple assertion in the test. Total number of assertions in the test are: 2
jdbc-connector-for-apache-kafka-master,io.aiven.kafka.connect.jdbc.oracle,VerifyDeleteIT,testDeleteTombstoneRecord,Assertion roulette,The tool detected the smell in this test method because the test uses multiple assertion in the test. Total number of assertions in the test are: 4
jdbc-connector-for-apache-kafka-master,io.aiven.kafka.connect.jdbc.oracle,VerifyDeleteIT,testDeleteTombstoneRecordWithMultiMode,Assertion roulette,The tool detected the smell in this test method because the test uses multiple assertion in the test. Total number of assertions in the test are: 4
jdbc-connector-for-apache-kafka-master,io.aiven.kafka.connect.jdbc.oracle,VerifyDeleteIT,testMixTombstoneRecordsWithMultiMode,Assertion roulette,The tool detected the smell in this test method because the test uses multiple assertion in the test. Total number of assertions in the test are: 2
jdbc-connector-for-apache-kafka-master,io.aiven.kafka.connect.jdbc.postgres,UnqualifiedTableNamesIntegrationTest,testSingleTable,Missing assertion,The tool detected the smell in this test method because the test doesn't have any assertion.
jdbc-connector-for-apache-kafka-master,io.aiven.kafka.connect.jdbc.postgres,UnqualifiedTableNamesIntegrationTest,testMultipleTablesTimestampMode,Missing assertion,The tool detected the smell in this test method because the test doesn't have any assertion.
jdbc-connector-for-apache-kafka-master,io.aiven.kafka.connect.jdbc.postgres,UnqualifiedTableNamesIntegrationTest,testMultipleTablesIncrementingMode,Missing assertion,The tool detected the smell in this test method because the test doesn't have any assertion.
jdbc-connector-for-apache-kafka-master,io.aiven.kafka.connect.jdbc.postgres,UnqualifiedTableNamesIntegrationTest,testMultipleTablesTimestampIncrementingMode,Missing assertion,The tool detected the smell in this test method because the test doesn't have any assertion.
jdbc-connector-for-apache-kafka-master,io.aiven.kafka.connect.jdbc.postgres,VerifyInsertIT,testSinkConnector,Assertion roulette,The tool detected the smell in this test method because the test uses multiple assertion in the test. Total number of assertions in the test are: 2
jdbc-connector-for-apache-kafka-master,io.aiven.kafka.connect.jdbc.postgres,VerifyInsertIT,testSinkWithPKModeRecordKeyConnector,Assertion roulette,The tool detected the smell in this test method because the test uses multiple assertion in the test. Total number of assertions in the test are: 2
jdbc-connector-for-apache-kafka-master,io.aiven.kafka.connect.jdbc.postgres,VerifyInsertIT,testSinkConnectorInDeleteMode,Assertion roulette,The tool detected the smell in this test method because the test uses multiple assertion in the test. Total number of assertions in the test are: 2
jdbc-connector-for-apache-kafka-master,io.aiven.kafka.connect.jdbc.postgres,VerifyInsertIT,testMultiInsertInDeleteMode,Assertion roulette,The tool detected the smell in this test method because the test uses multiple assertion in the test. Total number of assertions in the test are: 2
jdbc-connector-for-apache-kafka-master,io.aiven.kafka.connect.jdbc.postgres,VerifyDeleteIT,testDeleteTombstoneRecord,Assertion roulette,The tool detected the smell in this test method because the test uses multiple assertion in the test. Total number of assertions in the test are: 4
jdbc-connector-for-apache-kafka-master,io.aiven.kafka.connect.jdbc.postgres,VerifyDeleteIT,testDeleteTombstoneRecordWithMultiMode,Assertion roulette,The tool detected the smell in this test method because the test uses multiple assertion in the test. Total number of assertions in the test are: 4
jdbc-connector-for-apache-kafka-master,io.aiven.kafka.connect.jdbc.postgres,VerifyDeleteIT,testMixTombstoneRecordsWithMultiMode,Assertion roulette,The tool detected the smell in this test method because the test uses multiple assertion in the test. Total number of assertions in the test are: 2
