Project Name,Package Name,Type Name,NOF,NOPF,NOM,NOPM,LOC,WMC,NC,DIT,LCOM,FANIN,FANOUT,File path,Line no
jdbc-connector-for-apache-kafka-master,io.aiven.connect.jdbc.util,TimeZoneValidatorTest,0,0,4,4,15,4,0,0,-1.0,0,1,/Users/krish/jdbc-connector-for-apache-kafka-master/src/test/java/io/aiven/connect/jdbc/util/TimeZoneValidatorTest.java,28
jdbc-connector-for-apache-kafka-master,io.aiven.connect.jdbc.util,IdentifierRulesTest,1,0,7,6,55,7,0,0,0.0,0,1,/Users/krish/jdbc-connector-for-apache-kafka-master/src/test/java/io/aiven/connect/jdbc/util/IdentifierRulesTest.java,26
jdbc-connector-for-apache-kafka-master,io.aiven.connect.jdbc.util,DatabaseHelper,2,1,8,8,61,12,0,0,0.0,0,3,/Users/krish/jdbc-connector-for-apache-kafka-master/src/test/java/io/aiven/connect/jdbc/util/DatabaseHelper.java,29
jdbc-connector-for-apache-kafka-master,io.aiven.connect.jdbc.util,DatabaseHelper.ResultSetReadCallback,0,0,0,0,3,0,0,0,-1.0,0,0,/Users/krish/jdbc-connector-for-apache-kafka-master/src/test/java/io/aiven/connect/jdbc/util/DatabaseHelper.java,31
jdbc-connector-for-apache-kafka-master,io.aiven.connect.jdbc.util,CachedConnectionProviderTest,1,0,2,2,18,2,0,0,0.0,0,2,/Users/krish/jdbc-connector-for-apache-kafka-master/src/test/java/io/aiven/connect/jdbc/util/CachedConnectionProviderTest.java,37
jdbc-connector-for-apache-kafka-master,io.aiven.connect.jdbc.util,TimeZoneValidator,1,1,2,2,16,3,0,0,1.0,2,0,/Users/krish/jdbc-connector-for-apache-kafka-master/src/main/java/io/aiven/connect/jdbc/util/TimeZoneValidator.java,26
jdbc-connector-for-apache-kafka-master,io.aiven.connect.jdbc.util,StringUtils,0,0,1,1,25,3,0,0,-1.0,1,0,/Users/krish/jdbc-connector-for-apache-kafka-master/src/main/java/io/aiven/connect/jdbc/util/StringUtils.java,20
jdbc-connector-for-apache-kafka-master,io.aiven.connect.jdbc.util,ColumnId,4,0,9,9,52,12,0,1,0.2222222222222222,11,2,/Users/krish/jdbc-connector-for-apache-kafka-master/src/main/java/io/aiven/connect/jdbc/util/ColumnId.java,22
jdbc-connector-for-apache-kafka-master,io.aiven.connect.jdbc.util,ExpressionBuilder,6,0,23,23,313,32,2,0,0.17391304347826086,18,2,/Users/krish/jdbc-connector-for-apache-kafka-master/src/main/java/io/aiven/connect/jdbc/util/ExpressionBuilder.java,23
jdbc-connector-for-apache-kafka-master,io.aiven.connect.jdbc.util,ExpressionBuilder.Expressable,0,0,0,0,11,0,0,0,-1.0,0,0,/Users/krish/jdbc-connector-for-apache-kafka-master/src/main/java/io/aiven/connect/jdbc/util/ExpressionBuilder.java,54
jdbc-connector-for-apache-kafka-master,io.aiven.connect.jdbc.util,ExpressionBuilder.Transform,0,0,0,0,7,0,0,0,-1.0,0,0,/Users/krish/jdbc-connector-for-apache-kafka-master/src/main/java/io/aiven/connect/jdbc/util/ExpressionBuilder.java,74
jdbc-connector-for-apache-kafka-master,io.aiven.connect.jdbc.util,ExpressionBuilder.ListBuilder,0,0,0,0,47,0,0,0,-1.0,0,0,/Users/krish/jdbc-connector-for-apache-kafka-master/src/main/java/io/aiven/connect/jdbc/util/ExpressionBuilder.java,88
jdbc-connector-for-apache-kafka-master,io.aiven.connect.jdbc.util,ExpressionBuilder.BasicListBuilder,3,0,0,0,30,0,0,0,-1.0,0,0,/Users/krish/jdbc-connector-for-apache-kafka-master/src/main/java/io/aiven/connect/jdbc/util/ExpressionBuilder.java,418
jdbc-connector-for-apache-kafka-master,io.aiven.connect.jdbc.util,IdentifierRules,7,2,9,9,124,17,0,0,0.3333333333333333,3,1,/Users/krish/jdbc-connector-for-apache-kafka-master/src/main/java/io/aiven/connect/jdbc/util/IdentifierRules.java,23
jdbc-connector-for-apache-kafka-master,io.aiven.connect.jdbc.util,CollectionUtils,0,0,2,1,7,2,0,0,-1.0,0,0,/Users/krish/jdbc-connector-for-apache-kafka-master/src/main/java/io/aiven/connect/jdbc/util/CollectionUtils.java,21
jdbc-connector-for-apache-kafka-master,io.aiven.connect.jdbc.util,ConnectionProvider,0,0,4,0,30,4,1,0,-1.0,6,0,/Users/krish/jdbc-connector-for-apache-kafka-master/src/main/java/io/aiven/connect/jdbc/util/ConnectionProvider.java,23
jdbc-connector-for-apache-kafka-master,io.aiven.connect.jdbc.util,DateTimeUtils,4,0,5,4,35,5,0,0,1.0,7,0,/Users/krish/jdbc-connector-for-apache-kafka-master/src/main/java/io/aiven/connect/jdbc/util/DateTimeUtils.java,28
jdbc-connector-for-apache-kafka-master,io.aiven.connect.jdbc.util,BytesUtil,1,0,1,1,11,2,0,0,0.0,2,0,/Users/krish/jdbc-connector-for-apache-kafka-master/src/main/java/io/aiven/connect/jdbc/util/BytesUtil.java,20
jdbc-connector-for-apache-kafka-master,io.aiven.connect.jdbc.util,TableDefinition,3,0,10,10,52,14,0,0,0.0,9,2,/Users/krish/jdbc-connector-for-apache-kafka-master/src/main/java/io/aiven/connect/jdbc/util/TableDefinition.java,25
jdbc-connector-for-apache-kafka-master,io.aiven.connect.jdbc.util,JdbcDriverInfo,5,0,8,8,89,13,0,0,0.0,0,0,/Users/krish/jdbc-connector-for-apache-kafka-master/src/main/java/io/aiven/connect/jdbc/util/JdbcDriverInfo.java,20
jdbc-connector-for-apache-kafka-master,io.aiven.connect.jdbc.util,CachedConnectionProvider,7,0,8,6,82,13,0,1,0.0,5,2,/Users/krish/jdbc-connector-for-apache-kafka-master/src/main/java/io/aiven/connect/jdbc/util/CachedConnectionProvider.java,30
jdbc-connector-for-apache-kafka-master,io.aiven.connect.jdbc.util,TableId,4,0,10,10,89,24,0,1,0.2,38,1,/Users/krish/jdbc-connector-for-apache-kafka-master/src/main/java/io/aiven/connect/jdbc/util/TableId.java,22
jdbc-connector-for-apache-kafka-master,io.aiven.connect.jdbc.util,Version,3,0,1,1,18,1,0,0,0.0,3,0,/Users/krish/jdbc-connector-for-apache-kafka-master/src/main/java/io/aiven/connect/jdbc/util/Version.java,26
jdbc-connector-for-apache-kafka-master,io.aiven.connect.jdbc.util,TableDefinitions,3,0,3,3,48,6,0,0,0.0,1,3,/Users/krish/jdbc-connector-for-apache-kafka-master/src/main/java/io/aiven/connect/jdbc/util/TableDefinitions.java,30
jdbc-connector-for-apache-kafka-master,io.aiven.connect.jdbc.util,ColumnDefinition,15,0,23,23,201,27,0,0,0.0,9,2,/Users/krish/jdbc-connector-for-apache-kafka-master/src/main/java/io/aiven/connect/jdbc/util/ColumnDefinition.java,23
jdbc-connector-for-apache-kafka-master,io.aiven.connect.jdbc.util,ColumnDefinition.Nullability,0,0,0,0,4,0,0,0,-1.0,0,0,/Users/krish/jdbc-connector-for-apache-kafka-master/src/main/java/io/aiven/connect/jdbc/util/ColumnDefinition.java,25
jdbc-connector-for-apache-kafka-master,io.aiven.connect.jdbc.util,ColumnDefinition.Mutability,0,0,0,0,4,0,0,0,-1.0,0,0,/Users/krish/jdbc-connector-for-apache-kafka-master/src/main/java/io/aiven/connect/jdbc/util/ColumnDefinition.java,32
jdbc-connector-for-apache-kafka-master,io.aiven.connect.jdbc.source,JdbcSourceConnectorConfigTest,6,0,13,10,110,15,0,0,0.46153846153846156,0,4,/Users/krish/jdbc-connector-for-apache-kafka-master/src/test/java/io/aiven/connect/jdbc/source/JdbcSourceConnectorConfigTest.java,45
jdbc-connector-for-apache-kafka-master,io.aiven.connect.jdbc.source,JdbcSourceTaskConversionTest,1,1,35,33,172,38,0,1,0.08571428571428572,0,2,/Users/krish/jdbc-connector-for-apache-kafka-master/src/test/java/io/aiven/connect/jdbc/source/JdbcSourceTaskConversionTest.java,50
jdbc-connector-for-apache-kafka-master,io.aiven.connect.jdbc.source,JdbcSourceTaskConfigTest,0,0,5,5,42,5,0,0,-1.0,0,3,/Users/krish/jdbc-connector-for-apache-kafka-master/src/test/java/io/aiven/connect/jdbc/source/JdbcSourceTaskConfigTest.java,35
jdbc-connector-for-apache-kafka-master,io.aiven.connect.jdbc.source,TimestampIncrementingCriteriaTest,12,0,8,7,72,11,0,0,0.0,0,4,/Users/krish/jdbc-connector-for-apache-kafka-master/src/test/java/io/aiven/connect/jdbc/source/TimestampIncrementingCriteriaTest.java,42
jdbc-connector-for-apache-kafka-master,io.aiven.connect.jdbc.source,JdbcSourceTaskLifecycleTest,0,0,8,7,113,13,0,1,-1.0,0,6,/Users/krish/jdbc-connector-for-apache-kafka-master/src/test/java/io/aiven/connect/jdbc/source/JdbcSourceTaskLifecycleTest.java,36
jdbc-connector-for-apache-kafka-master,io.aiven.connect.jdbc.source,JdbcSourceTaskUpdateTest,2,0,56,31,0,82,0,1,0.10714285714285714,0,7,/Users/krish/jdbc-connector-for-apache-kafka-master/src/test/java/io/aiven/connect/jdbc/source/JdbcSourceTaskUpdateTest.java,50
jdbc-connector-for-apache-kafka-master,io.aiven.connect.jdbc.source,JdbcSourceTaskUpdateTest.Field,0,0,0,0,1,0,0,0,-1.0,0,0,/Users/krish/jdbc-connector-for-apache-kafka-master/src/test/java/io/aiven/connect/jdbc/source/JdbcSourceTaskUpdateTest.java,855
jdbc-connector-for-apache-kafka-master,io.aiven.connect.jdbc.source,TableMonitorThreadTest,24,2,17,12,203,27,0,0,0.0,0,5,/Users/krish/jdbc-connector-for-apache-kafka-master/src/test/java/io/aiven/connect/jdbc/source/TableMonitorThreadTest.java,55
jdbc-connector-for-apache-kafka-master,io.aiven.connect.jdbc.source,TableMonitorThreadTest.Op,0,0,0,0,3,0,0,0,-1.0,0,0,/Users/krish/jdbc-connector-for-apache-kafka-master/src/test/java/io/aiven/connect/jdbc/source/TableMonitorThreadTest.java,291
jdbc-connector-for-apache-kafka-master,io.aiven.connect.jdbc.source,MockTime,2,0,7,7,42,10,0,0,0.0,2,0,/Users/krish/jdbc-connector-for-apache-kafka-master/src/test/java/io/aiven/connect/jdbc/source/MockTime.java,26
jdbc-connector-for-apache-kafka-master,io.aiven.connect.jdbc.source,JdbcSourceTaskTestBase,14,0,9,2,77,12,3,0,0.0,0,8,/Users/krish/jdbc-connector-for-apache-kafka-master/src/test/java/io/aiven/connect/jdbc/source/JdbcSourceTaskTestBase.java,40
jdbc-connector-for-apache-kafka-master,io.aiven.connect.jdbc.source,EmbeddedDerby,9,0,18,14,228,34,0,0,0.1111111111111111,6,1,/Users/krish/jdbc-connector-for-apache-kafka-master/src/test/java/io/aiven/connect/jdbc/source/EmbeddedDerby.java,35
jdbc-connector-for-apache-kafka-master,io.aiven.connect.jdbc.source,EmbeddedDerby.CaseSensitive,1,0,0,0,9,0,0,0,-1.0,0,0,/Users/krish/jdbc-connector-for-apache-kafka-master/src/test/java/io/aiven/connect/jdbc/source/EmbeddedDerby.java,262
jdbc-connector-for-apache-kafka-master,io.aiven.connect.jdbc.source,EmbeddedDerby.TableName,0,0,0,0,5,0,0,0,-1.0,0,0,/Users/krish/jdbc-connector-for-apache-kafka-master/src/test/java/io/aiven/connect/jdbc/source/EmbeddedDerby.java,276
jdbc-connector-for-apache-kafka-master,io.aiven.connect.jdbc.source,EmbeddedDerby.ColumnName,0,0,0,0,5,0,0,0,-1.0,0,0,/Users/krish/jdbc-connector-for-apache-kafka-master/src/test/java/io/aiven/connect/jdbc/source/EmbeddedDerby.java,283
jdbc-connector-for-apache-kafka-master,io.aiven.connect.jdbc.source,EmbeddedDerby.Condition,0,0,0,0,5,0,0,0,-1.0,0,0,/Users/krish/jdbc-connector-for-apache-kafka-master/src/test/java/io/aiven/connect/jdbc/source/EmbeddedDerby.java,290
jdbc-connector-for-apache-kafka-master,io.aiven.connect.jdbc.source,EmbeddedDerby.EqualsCondition,2,0,0,0,11,0,0,0,-1.0,0,0,/Users/krish/jdbc-connector-for-apache-kafka-master/src/test/java/io/aiven/connect/jdbc/source/EmbeddedDerby.java,297
jdbc-connector-for-apache-kafka-master,io.aiven.connect.jdbc.source,EmbeddedDerby.Literal,1,0,0,0,9,0,0,0,-1.0,0,0,/Users/krish/jdbc-connector-for-apache-kafka-master/src/test/java/io/aiven/connect/jdbc/source/EmbeddedDerby.java,314
jdbc-connector-for-apache-kafka-master,io.aiven.connect.jdbc.source,TimestampIncrementingOffsetTest,8,0,7,7,63,7,0,0,0.0,0,1,/Users/krish/jdbc-connector-for-apache-kafka-master/src/test/java/io/aiven/connect/jdbc/source/TimestampIncrementingOffsetTest.java,27
jdbc-connector-for-apache-kafka-master,io.aiven.connect.jdbc.source,NumericMappingConfigTest,1,0,3,3,20,4,0,0,0.6666666666666666,0,1,/Users/krish/jdbc-connector-for-apache-kafka-master/src/test/java/io/aiven/connect/jdbc/source/NumericMappingConfigTest.java,32
jdbc-connector-for-apache-kafka-master,io.aiven.connect.jdbc.source,TimestampIncrementingCriteria,5,0,17,4,212,33,1,0,0.0,2,4,/Users/krish/jdbc-connector-for-apache-kafka-master/src/main/java/io/aiven/connect/jdbc/source/TimestampIncrementingCriteria.java,40
jdbc-connector-for-apache-kafka-master,io.aiven.connect.jdbc.source,TimestampIncrementingCriteria.CriteriaValues,0,0,0,0,23,0,0,0,-1.0,0,0,/Users/krish/jdbc-connector-for-apache-kafka-master/src/main/java/io/aiven/connect/jdbc/source/TimestampIncrementingCriteria.java,42
jdbc-connector-for-apache-kafka-master,io.aiven.connect.jdbc.source,ColumnMapping,4,0,7,7,61,9,0,0,0.0,5,1,/Users/krish/jdbc-connector-for-apache-kafka-master/src/main/java/io/aiven/connect/jdbc/source/ColumnMapping.java,28
jdbc-connector-for-apache-kafka-master,io.aiven.connect.jdbc.source,OffsetProtocols,0,0,2,2,25,2,0,0,-1.0,2,3,/Users/krish/jdbc-connector-for-apache-kafka-master/src/main/java/io/aiven/connect/jdbc/source/OffsetProtocols.java,27
jdbc-connector-for-apache-kafka-master,io.aiven.connect.jdbc.source,JdbcSourceTask,9,1,10,6,0,41,0,0,0.2,3,11,/Users/krish/jdbc-connector-for-apache-kafka-master/src/main/java/io/aiven/connect/jdbc/source/JdbcSourceTask.java,51
jdbc-connector-for-apache-kafka-master,io.aiven.connect.jdbc.source,TimestampIncrementingTableQuerier,12,0,9,6,0,25,0,1,0.0,0,8,/Users/krish/jdbc-connector-for-apache-kafka-master/src/main/java/io/aiven/connect/jdbc/source/TimestampIncrementingTableQuerier.java,45
jdbc-connector-for-apache-kafka-master,io.aiven.connect.jdbc.source,SchemaMapping,4,0,5,3,95,8,0,0,0.4,1,2,/Users/krish/jdbc-connector-for-apache-kafka-master/src/main/java/io/aiven/connect/jdbc/source/SchemaMapping.java,39
jdbc-connector-for-apache-kafka-master,io.aiven.connect.jdbc.source,SchemaMapping.FieldSetter,2,0,0,0,34,0,0,0,-1.0,0,1,/Users/krish/jdbc-connector-for-apache-kafka-master/src/main/java/io/aiven/connect/jdbc/source/SchemaMapping.java,125
jdbc-connector-for-apache-kafka-master,io.aiven.connect.jdbc.source,JdbcSourceTaskConfig,4,2,2,2,19,3,0,1,1.0,10,0,/Users/krish/jdbc-connector-for-apache-kafka-master/src/main/java/io/aiven/connect/jdbc/source/JdbcSourceTaskConfig.java,28
jdbc-connector-for-apache-kafka-master,io.aiven.connect.jdbc.source,JdbcSourceConnectorConfig,108,50,11,7,0,14,1,0,0.36363636363636365,17,1,/Users/krish/jdbc-connector-for-apache-kafka-master/src/main/java/io/aiven/connect/jdbc/source/JdbcSourceConnectorConfig.java,50
jdbc-connector-for-apache-kafka-master,io.aiven.connect.jdbc.source,JdbcSourceConnectorConfig.TableRecommender,0,0,0,0,28,0,0,0,-1.0,0,0,/Users/krish/jdbc-connector-for-apache-kafka-master/src/main/java/io/aiven/connect/jdbc/source/JdbcSourceConnectorConfig.java,559
jdbc-connector-for-apache-kafka-master,io.aiven.connect.jdbc.source,JdbcSourceConnectorConfig.CachingRecommender,4,0,0,0,30,0,0,0,-1.0,0,0,/Users/krish/jdbc-connector-for-apache-kafka-master/src/main/java/io/aiven/connect/jdbc/source/JdbcSourceConnectorConfig.java,593
jdbc-connector-for-apache-kafka-master,io.aiven.connect.jdbc.source,JdbcSourceConnectorConfig.CachedRecommenderValues,3,0,0,0,19,0,0,0,-1.0,0,0,/Users/krish/jdbc-connector-for-apache-kafka-master/src/main/java/io/aiven/connect/jdbc/source/JdbcSourceConnectorConfig.java,632
jdbc-connector-for-apache-kafka-master,io.aiven.connect.jdbc.source,JdbcSourceConnectorConfig.ModeDependentsRecommender,0,0,0,0,0,0,0,0,-1.0,0,0,/Users/krish/jdbc-connector-for-apache-kafka-master/src/main/java/io/aiven/connect/jdbc/source/JdbcSourceConnectorConfig.java,658
jdbc-connector-for-apache-kafka-master,io.aiven.connect.jdbc.source,JdbcSourceConnectorConfig.NumericMapping,1,0,0,0,20,0,0,0,-1.0,0,2,/Users/krish/jdbc-connector-for-apache-kafka-master/src/main/java/io/aiven/connect/jdbc/source/JdbcSourceConnectorConfig.java,691
jdbc-connector-for-apache-kafka-master,io.aiven.connect.jdbc.source,JdbcSourceConnectorConfig.EnumRecommender,2,0,0,0,32,0,0,0,-1.0,0,0,/Users/krish/jdbc-connector-for-apache-kafka-master/src/main/java/io/aiven/connect/jdbc/source/JdbcSourceConnectorConfig.java,724
jdbc-connector-for-apache-kafka-master,io.aiven.connect.jdbc.source,SourceConnectionProvider,0,0,2,0,9,2,0,0,-1.0,2,1,/Users/krish/jdbc-connector-for-apache-kafka-master/src/main/java/io/aiven/connect/jdbc/source/SourceConnectionProvider.java,25
jdbc-connector-for-apache-kafka-master,io.aiven.connect.jdbc.source,BulkTableQuerier,1,0,5,3,0,10,0,1,0.8,0,2,/Users/krish/jdbc-connector-for-apache-kafka-master/src/main/java/io/aiven/connect/jdbc/source/BulkTableQuerier.java,37
jdbc-connector-for-apache-kafka-master,io.aiven.connect.jdbc.source,TableQuerier,11,0,14,9,104,21,2,0,0.14285714285714285,1,3,/Users/krish/jdbc-connector-for-apache-kafka-master/src/main/java/io/aiven/connect/jdbc/source/TableQuerier.java,33
jdbc-connector-for-apache-kafka-master,io.aiven.connect.jdbc.source,TableQuerier.QueryMode,0,0,0,0,1,0,0,0,-1.0,0,0,/Users/krish/jdbc-connector-for-apache-kafka-master/src/main/java/io/aiven/connect/jdbc/source/TableQuerier.java,41
jdbc-connector-for-apache-kafka-master,io.aiven.connect.jdbc.source,JdbcSourceConnectorConstants,5,5,0,0,7,0,0,0,-1.0,7,0,/Users/krish/jdbc-connector-for-apache-kafka-master/src/main/java/io/aiven/connect/jdbc/source/JdbcSourceConnectorConstants.java,20
jdbc-connector-for-apache-kafka-master,io.aiven.connect.jdbc.source,TimestampIncrementingOffset,6,0,7,7,69,15,0,0,0.0,5,0,/Users/krish/jdbc-connector-for-apache-kafka-master/src/main/java/io/aiven/connect/jdbc/source/TimestampIncrementingOffset.java,27
jdbc-connector-for-apache-kafka-master,io.aiven.connect.jdbc.source,TableMonitorThread,11,0,5,4,141,22,0,0,0.0,2,3,/Users/krish/jdbc-connector-for-apache-kafka-master/src/main/java/io/aiven/connect/jdbc/source/TableMonitorThread.java,43
jdbc-connector-for-apache-kafka-master,io.aiven.connect.jdbc.sink,JdbcDbWriterTest,3,0,15,13,156,18,0,0,0.26666666666666666,0,7,/Users/krish/jdbc-connector-for-apache-kafka-master/src/test/java/io/aiven/connect/jdbc/sink/JdbcDbWriterTest.java,52
jdbc-connector-for-apache-kafka-master,io.aiven.connect.jdbc.sink,SqliteHelper,2,2,8,8,60,9,0,0,0.0,6,0,/Users/krish/jdbc-connector-for-apache-kafka-master/src/test/java/io/aiven/connect/jdbc/sink/SqliteHelper.java,30
jdbc-connector-for-apache-kafka-master,io.aiven.connect.jdbc.sink,SqliteHelper.ResultSetReadCallback,0,0,0,0,3,0,0,0,-1.0,0,0,/Users/krish/jdbc-connector-for-apache-kafka-master/src/test/java/io/aiven/connect/jdbc/sink/SqliteHelper.java,40
jdbc-connector-for-apache-kafka-master,io.aiven.connect.jdbc.sink,BufferedRecordsTest,2,0,13,9,199,14,0,0,0.0,0,8,/Users/krish/jdbc-connector-for-apache-kafka-master/src/test/java/io/aiven/connect/jdbc/sink/BufferedRecordsTest.java,55
jdbc-connector-for-apache-kafka-master,io.aiven.connect.jdbc.sink,DbStructureTest,1,0,8,4,33,9,0,0,0.375,0,1,/Users/krish/jdbc-connector-for-apache-kafka-master/src/test/java/io/aiven/connect/jdbc/sink/DbStructureTest.java,35
jdbc-connector-for-apache-kafka-master,io.aiven.connect.jdbc.sink,SqliteHelperTest,1,0,3,3,68,4,0,0,0.0,0,6,/Users/krish/jdbc-connector-for-apache-kafka-master/src/test/java/io/aiven/connect/jdbc/sink/SqliteHelperTest.java,39
jdbc-connector-for-apache-kafka-master,io.aiven.connect.jdbc.sink,JdbcSinkConnectorTest,1,0,5,5,41,5,0,0,0.0,0,2,/Users/krish/jdbc-connector-for-apache-kafka-master/src/test/java/io/aiven/connect/jdbc/sink/JdbcSinkConnectorTest.java,34
jdbc-connector-for-apache-kafka-master,io.aiven.connect.jdbc.sink,JdbcSinkTaskTest,2,0,6,5,97,6,0,0,0.5,0,6,/Users/krish/jdbc-connector-for-apache-kafka-master/src/test/java/io/aiven/connect/jdbc/sink/JdbcSinkTaskTest.java,54
jdbc-connector-for-apache-kafka-master,io.aiven.connect.jdbc.sink,PreparedStatementBinderTest,1,0,4,4,67,4,0,0,0.0,0,7,/Users/krish/jdbc-connector-for-apache-kafka-master/src/test/java/io/aiven/connect/jdbc/sink/PreparedStatementBinderTest.java,55
jdbc-connector-for-apache-kafka-master,io.aiven.connect.jdbc.sink,JdbcSinkConfigTest,0,0,10,10,80,10,0,0,-1.0,0,1,/Users/krish/jdbc-connector-for-apache-kafka-master/src/test/java/io/aiven/connect/jdbc/sink/JdbcSinkConfigTest.java,36
jdbc-connector-for-apache-kafka-master,io.aiven.connect.jdbc.sink,JdbcSinkTask,5,0,6,5,79,11,0,0,0.5,1,5,/Users/krish/jdbc-connector-for-apache-kafka-master/src/main/java/io/aiven/connect/jdbc/sink/JdbcSinkTask.java,37
jdbc-connector-for-apache-kafka-master,io.aiven.connect.jdbc.sink,DbStructure,3,0,6,3,116,23,0,0,0.0,6,6,/Users/krish/jdbc-connector-for-apache-kafka-master/src/main/java/io/aiven/connect/jdbc/sink/DbStructure.java,41
jdbc-connector-for-apache-kafka-master,io.aiven.connect.jdbc.sink,PreparedStatementBinder,6,0,7,4,0,21,0,0,0.0,1,4,/Users/krish/jdbc-connector-for-apache-kafka-master/src/main/java/io/aiven/connect/jdbc/sink/PreparedStatementBinder.java,36
jdbc-connector-for-apache-kafka-master,io.aiven.connect.jdbc.sink,JdbcDbWriter,6,0,6,1,62,12,0,0,0.0,3,6,/Users/krish/jdbc-connector-for-apache-kafka-master/src/main/java/io/aiven/connect/jdbc/sink/JdbcDbWriter.java,38
jdbc-connector-for-apache-kafka-master,io.aiven.connect.jdbc.sink,BufferedRecords,15,0,16,4,0,45,0,0,0.0,2,7,/Users/krish/jdbc-connector-for-apache-kafka-master/src/main/java/io/aiven/connect/jdbc/sink/BufferedRecords.java,46
jdbc-connector-for-apache-kafka-master,io.aiven.connect.jdbc.sink,JdbcSinkConfig,75,31,9,5,0,21,0,0,0.0,17,0,/Users/krish/jdbc-connector-for-apache-kafka-master/src/main/java/io/aiven/connect/jdbc/sink/JdbcSinkConfig.java,43
jdbc-connector-for-apache-kafka-master,io.aiven.connect.jdbc.sink,JdbcSinkConfig.InsertMode,0,0,0,0,1,0,0,0,-1.0,0,0,/Users/krish/jdbc-connector-for-apache-kafka-master/src/main/java/io/aiven/connect/jdbc/sink/JdbcSinkConfig.java,46
jdbc-connector-for-apache-kafka-master,io.aiven.connect.jdbc.sink,JdbcSinkConfig.PrimaryKeyMode,0,0,0,0,1,0,0,0,-1.0,0,0,/Users/krish/jdbc-connector-for-apache-kafka-master/src/main/java/io/aiven/connect/jdbc/sink/JdbcSinkConfig.java,53
jdbc-connector-for-apache-kafka-master,io.aiven.connect.jdbc.sink,JdbcSinkConfig.EnumValidator,2,0,0,0,26,0,0,0,-1.0,0,0,/Users/krish/jdbc-connector-for-apache-kafka-master/src/main/java/io/aiven/connect/jdbc/sink/JdbcSinkConfig.java,427
jdbc-connector-for-apache-kafka-master,io.aiven.connect.jdbc.sink.metadata,FieldsMetadataTest,3,0,18,16,103,18,0,0,0.1111111111111111,0,3,/Users/krish/jdbc-connector-for-apache-kafka-master/src/test/java/io/aiven/connect/jdbc/sink/metadata/FieldsMetadataTest.java,36
jdbc-connector-for-apache-kafka-master,io.aiven.connect.jdbc.sink.metadata,SinkRecordField,3,0,10,10,37,10,0,0,0.0,14,0,/Users/krish/jdbc-connector-for-apache-kafka-master/src/main/java/io/aiven/connect/jdbc/sink/metadata/SinkRecordField.java,24
jdbc-connector-for-apache-kafka-master,io.aiven.connect.jdbc.sink.metadata,FieldsMetadata,3,3,7,3,0,43,0,0,0.0,8,2,/Users/krish/jdbc-connector-for-apache-kafka-master/src/main/java/io/aiven/connect/jdbc/sink/metadata/FieldsMetadata.java,36
jdbc-connector-for-apache-kafka-master,io.aiven.connect.jdbc.sink.metadata,SchemaPair,2,2,4,4,24,6,0,0,0.0,6,0,/Users/krish/jdbc-connector-for-apache-kafka-master/src/main/java/io/aiven/connect/jdbc/sink/metadata/SchemaPair.java,24
jdbc-connector-for-apache-kafka-master,io.aiven.connect.jdbc,JdbcSourceConnectorTest,3,0,17,13,142,19,0,0,0.23529411764705882,0,8,/Users/krish/jdbc-connector-for-apache-kafka-master/src/test/java/io/aiven/connect/jdbc/JdbcSourceConnectorTest.java,54
jdbc-connector-for-apache-kafka-master,io.aiven.connect.jdbc,JdbcSinkConnector,2,0,7,7,32,8,0,0,0.8571428571428571,1,2,/Users/krish/jdbc-connector-for-apache-kafka-master/src/main/java/io/aiven/connect/jdbc/JdbcSinkConnector.java,36
jdbc-connector-for-apache-kafka-master,io.aiven.connect.jdbc,JdbcSourceConnector,7,0,7,7,120,15,0,0,0.5714285714285714,1,8,/Users/krish/jdbc-connector-for-apache-kafka-master/src/main/java/io/aiven/connect/jdbc/JdbcSourceConnector.java,50
jdbc-connector-for-apache-kafka-master,io.aiven.connect.jdbc.dialect,PostgreSqlDatabaseDialectTest,6,0,34,30,174,34,0,1,0.8823529411764706,0,5,/Users/krish/jdbc-connector-for-apache-kafka-master/src/test/java/io/aiven/connect/jdbc/dialect/PostgreSqlDatabaseDialectTest.java,52
jdbc-connector-for-apache-kafka-master,io.aiven.connect.jdbc.dialect,MockDatabaseDialect,0,0,1,1,20,1,0,2,-1.0,1,1,/Users/krish/jdbc-connector-for-apache-kafka-master/src/test/java/io/aiven/connect/jdbc/dialect/MockDatabaseDialect.java,23
jdbc-connector-for-apache-kafka-master,io.aiven.connect.jdbc.dialect,MockDatabaseDialect.Provider,0,0,0,0,11,0,0,0,-1.0,0,0,/Users/krish/jdbc-connector-for-apache-kafka-master/src/test/java/io/aiven/connect/jdbc/dialect/MockDatabaseDialect.java,25
jdbc-connector-for-apache-kafka-master,io.aiven.connect.jdbc.dialect,VerticaDatabaseDialectTest,0,0,17,16,86,17,0,1,-1.0,0,1,/Users/krish/jdbc-connector-for-apache-kafka-master/src/test/java/io/aiven/connect/jdbc/dialect/VerticaDatabaseDialectTest.java,31
jdbc-connector-for-apache-kafka-master,io.aiven.connect.jdbc.dialect,SqlServerDatabaseDialectTest,0,0,20,19,105,20,0,1,-1.0,0,2,/Users/krish/jdbc-connector-for-apache-kafka-master/src/test/java/io/aiven/connect/jdbc/dialect/SqlServerDatabaseDialectTest.java,35
jdbc-connector-for-apache-kafka-master,io.aiven.connect.jdbc.dialect,SybaseDatabaseDialectTest,0,0,23,22,136,23,0,1,-1.0,0,4,/Users/krish/jdbc-connector-for-apache-kafka-master/src/test/java/io/aiven/connect/jdbc/dialect/SybaseDatabaseDialectTest.java,41
jdbc-connector-for-apache-kafka-master,io.aiven.connect.jdbc.dialect,MySqlDatabaseDialectTest,0,0,22,21,115,22,0,1,-1.0,0,2,/Users/krish/jdbc-connector-for-apache-kafka-master/src/test/java/io/aiven/connect/jdbc/dialect/MySqlDatabaseDialectTest.java,33
jdbc-connector-for-apache-kafka-master,io.aiven.connect.jdbc.dialect,BaseDialectTest,17,2,35,8,262,42,11,0,0.2,0,6,/Users/krish/jdbc-connector-for-apache-kafka-master/src/test/java/io/aiven/connect/jdbc/dialect/BaseDialectTest.java,72
jdbc-connector-for-apache-kafka-master,io.aiven.connect.jdbc.dialect,OracleDatabaseDialectTest,0,0,18,17,95,18,0,1,-1.0,0,2,/Users/krish/jdbc-connector-for-apache-kafka-master/src/test/java/io/aiven/connect/jdbc/dialect/OracleDatabaseDialectTest.java,33
jdbc-connector-for-apache-kafka-master,io.aiven.connect.jdbc.dialect,GenericDatabaseDialectTest,7,1,26,18,249,29,0,1,0.2692307692307692,0,14,/Users/krish/jdbc-connector-for-apache-kafka-master/src/test/java/io/aiven/connect/jdbc/dialect/GenericDatabaseDialectTest.java,58
jdbc-connector-for-apache-kafka-master,io.aiven.connect.jdbc.dialect,DatabaseDialectsTest,0,0,14,13,54,14,0,0,-1.0,0,14,/Users/krish/jdbc-connector-for-apache-kafka-master/src/test/java/io/aiven/connect/jdbc/dialect/DatabaseDialectsTest.java,35
jdbc-connector-for-apache-kafka-master,io.aiven.connect.jdbc.dialect,SqliteDatabaseDialectTest,2,1,21,20,132,21,0,1,0.8095238095238095,0,5,/Users/krish/jdbc-connector-for-apache-kafka-master/src/test/java/io/aiven/connect/jdbc/dialect/SqliteDatabaseDialectTest.java,51
jdbc-connector-for-apache-kafka-master,io.aiven.connect.jdbc.dialect,GenericDatabaseDialectTypeTest,16,10,4,2,80,6,0,0,0.75,0,8,/Users/krish/jdbc-connector-for-apache-kafka-master/src/test/java/io/aiven/connect/jdbc/dialect/GenericDatabaseDialectTypeTest.java,50
jdbc-connector-for-apache-kafka-master,io.aiven.connect.jdbc.dialect,Db2DatabaseDialectTest,0,0,21,20,111,21,0,1,-1.0,0,2,/Users/krish/jdbc-connector-for-apache-kafka-master/src/test/java/io/aiven/connect/jdbc/dialect/Db2DatabaseDialectTest.java,33
jdbc-connector-for-apache-kafka-master,io.aiven.connect.jdbc.dialect,DerbyDatabaseDialectTest,0,0,21,20,111,21,0,1,-1.0,0,2,/Users/krish/jdbc-connector-for-apache-kafka-master/src/test/java/io/aiven/connect/jdbc/dialect/DerbyDatabaseDialectTest.java,34
jdbc-connector-for-apache-kafka-master,io.aiven.connect.jdbc.dialect,SapHanaDatabaseDialectTest,0,0,18,17,93,18,0,1,-1.0,0,2,/Users/krish/jdbc-connector-for-apache-kafka-master/src/test/java/io/aiven/connect/jdbc/dialect/SapHanaDatabaseDialectTest.java,33
jdbc-connector-for-apache-kafka-master,io.aiven.connect.jdbc.dialect,DatabaseDialect,0,0,30,0,291,30,1,0,-1.0,24,9,/Users/krish/jdbc-connector-for-apache-kafka-master/src/main/java/io/aiven/connect/jdbc/dialect/DatabaseDialect.java,53
jdbc-connector-for-apache-kafka-master,io.aiven.connect.jdbc.dialect,DatabaseDialect.StatementBinder,0,0,0,0,29,0,0,0,-1.0,0,0,/Users/krish/jdbc-connector-for-apache-kafka-master/src/main/java/io/aiven/connect/jdbc/dialect/DatabaseDialect.java,518
jdbc-connector-for-apache-kafka-master,io.aiven.connect.jdbc.dialect,DatabaseDialect.ColumnConverter,0,0,0,0,13,0,0,0,-1.0,0,0,/Users/krish/jdbc-connector-for-apache-kafka-master/src/main/java/io/aiven/connect/jdbc/dialect/DatabaseDialect.java,563
jdbc-connector-for-apache-kafka-master,io.aiven.connect.jdbc.dialect,SqliteDatabaseDialect,0,0,6,3,0,21,0,2,-1.0,2,4,/Users/krish/jdbc-connector-for-apache-kafka-master/src/main/java/io/aiven/connect/jdbc/dialect/SqliteDatabaseDialect.java,38
jdbc-connector-for-apache-kafka-master,io.aiven.connect.jdbc.dialect,SqliteDatabaseDialect.Provider,0,0,0,0,11,0,0,0,-1.0,0,0,/Users/krish/jdbc-connector-for-apache-kafka-master/src/main/java/io/aiven/connect/jdbc/dialect/SqliteDatabaseDialect.java,43
jdbc-connector-for-apache-kafka-master,io.aiven.connect.jdbc.dialect,VerticaDatabaseDialect,0,0,3,2,0,18,0,2,-1.0,2,3,/Users/krish/jdbc-connector-for-apache-kafka-master/src/main/java/io/aiven/connect/jdbc/dialect/VerticaDatabaseDialect.java,36
jdbc-connector-for-apache-kafka-master,io.aiven.connect.jdbc.dialect,VerticaDatabaseDialect.Provider,0,0,0,0,11,0,0,0,-1.0,0,0,/Users/krish/jdbc-connector-for-apache-kafka-master/src/main/java/io/aiven/connect/jdbc/dialect/VerticaDatabaseDialect.java,40
jdbc-connector-for-apache-kafka-master,io.aiven.connect.jdbc.dialect,GenericDatabaseDialect,17,0,64,33,0,268,11,1,0.109375,3,9,/Users/krish/jdbc-connector-for-apache-kafka-master/src/main/java/io/aiven/connect/jdbc/dialect/GenericDatabaseDialect.java,57
jdbc-connector-for-apache-kafka-master,io.aiven.connect.jdbc.dialect,GenericDatabaseDialect.Provider,0,0,0,0,11,0,0,0,-1.0,0,1,/Users/krish/jdbc-connector-for-apache-kafka-master/src/main/java/io/aiven/connect/jdbc/dialect/GenericDatabaseDialect.java,71
jdbc-connector-for-apache-kafka-master,io.aiven.connect.jdbc.dialect,SqlServerDatabaseDialect,0,0,10,4,0,29,0,2,-1.0,2,7,/Users/krish/jdbc-connector-for-apache-kafka-master/src/main/java/io/aiven/connect/jdbc/dialect/SqlServerDatabaseDialect.java,40
jdbc-connector-for-apache-kafka-master,io.aiven.connect.jdbc.dialect,SqlServerDatabaseDialect.Provider,0,0,0,0,11,0,0,0,-1.0,0,0,/Users/krish/jdbc-connector-for-apache-kafka-master/src/main/java/io/aiven/connect/jdbc/dialect/SqlServerDatabaseDialect.java,44
jdbc-connector-for-apache-kafka-master,io.aiven.connect.jdbc.dialect,DatabaseDialectProvider,6,3,5,4,107,5,2,0,0.6,3,2,/Users/krish/jdbc-connector-for-apache-kafka-master/src/main/java/io/aiven/connect/jdbc/dialect/DatabaseDialectProvider.java,29
jdbc-connector-for-apache-kafka-master,io.aiven.connect.jdbc.dialect,DatabaseDialectProvider.JdbcUrlInfo,0,0,0,0,20,0,0,0,-1.0,0,0,/Users/krish/jdbc-connector-for-apache-kafka-master/src/main/java/io/aiven/connect/jdbc/dialect/DatabaseDialectProvider.java,51
jdbc-connector-for-apache-kafka-master,io.aiven.connect.jdbc.dialect,DatabaseDialectProvider.SubprotocolBasedProvider,1,0,0,0,30,0,0,1,-1.0,0,0,/Users/krish/jdbc-connector-for-apache-kafka-master/src/main/java/io/aiven/connect/jdbc/dialect/DatabaseDialectProvider.java,145
jdbc-connector-for-apache-kafka-master,io.aiven.connect.jdbc.dialect,DatabaseDialectProvider.FixedScoreProvider,1,0,0,0,13,0,0,1,-1.0,0,0,/Users/krish/jdbc-connector-for-apache-kafka-master/src/main/java/io/aiven/connect/jdbc/dialect/DatabaseDialectProvider.java,190
jdbc-connector-for-apache-kafka-master,io.aiven.connect.jdbc.dialect,DropOptions,2,0,9,8,63,11,0,0,0.2222222222222222,7,0,/Users/krish/jdbc-connector-for-apache-kafka-master/src/main/java/io/aiven/connect/jdbc/dialect/DropOptions.java,22
jdbc-connector-for-apache-kafka-master,io.aiven.connect.jdbc.dialect,OracleDatabaseDialect,0,0,8,4,0,25,0,2,-1.0,2,5,/Users/krish/jdbc-connector-for-apache-kafka-master/src/main/java/io/aiven/connect/jdbc/dialect/OracleDatabaseDialect.java,37
jdbc-connector-for-apache-kafka-master,io.aiven.connect.jdbc.dialect,OracleDatabaseDialect.Provider,0,0,0,0,11,0,0,0,-1.0,0,0,/Users/krish/jdbc-connector-for-apache-kafka-master/src/main/java/io/aiven/connect/jdbc/dialect/OracleDatabaseDialect.java,42
jdbc-connector-for-apache-kafka-master,io.aiven.connect.jdbc.dialect,DerbyDatabaseDialect,0,0,6,2,0,21,0,2,-1.0,2,4,/Users/krish/jdbc-connector-for-apache-kafka-master/src/main/java/io/aiven/connect/jdbc/dialect/DerbyDatabaseDialect.java,35
jdbc-connector-for-apache-kafka-master,io.aiven.connect.jdbc.dialect,DerbyDatabaseDialect.Provider,0,0,0,0,11,0,0,0,-1.0,0,0,/Users/krish/jdbc-connector-for-apache-kafka-master/src/main/java/io/aiven/connect/jdbc/dialect/DerbyDatabaseDialect.java,40
jdbc-connector-for-apache-kafka-master,io.aiven.connect.jdbc.dialect,PostgreSqlDatabaseDialect,6,0,16,6,0,52,0,2,0.6875,2,3,/Users/krish/jdbc-connector-for-apache-kafka-master/src/main/java/io/aiven/connect/jdbc/dialect/PostgreSqlDatabaseDialect.java,36
jdbc-connector-for-apache-kafka-master,io.aiven.connect.jdbc.dialect,PostgreSqlDatabaseDialect.Provider,0,0,0,0,11,0,0,0,-1.0,0,0,/Users/krish/jdbc-connector-for-apache-kafka-master/src/main/java/io/aiven/connect/jdbc/dialect/PostgreSqlDatabaseDialect.java,54
jdbc-connector-for-apache-kafka-master,io.aiven.connect.jdbc.dialect,MySqlDatabaseDialect,0,0,6,2,0,20,0,2,-1.0,2,4,/Users/krish/jdbc-connector-for-apache-kafka-master/src/main/java/io/aiven/connect/jdbc/dialect/MySqlDatabaseDialect.java,40
jdbc-connector-for-apache-kafka-master,io.aiven.connect.jdbc.dialect,MySqlDatabaseDialect.Provider,0,0,0,0,11,0,0,0,-1.0,0,0,/Users/krish/jdbc-connector-for-apache-kafka-master/src/main/java/io/aiven/connect/jdbc/dialect/MySqlDatabaseDialect.java,44
jdbc-connector-for-apache-kafka-master,io.aiven.connect.jdbc.dialect,Db2DatabaseDialect,0,0,6,2,0,21,0,2,-1.0,1,4,/Users/krish/jdbc-connector-for-apache-kafka-master/src/main/java/io/aiven/connect/jdbc/dialect/Db2DatabaseDialect.java,35
jdbc-connector-for-apache-kafka-master,io.aiven.connect.jdbc.dialect,Db2DatabaseDialect.Provider,0,0,0,0,11,0,0,0,-1.0,0,0,/Users/krish/jdbc-connector-for-apache-kafka-master/src/main/java/io/aiven/connect/jdbc/dialect/Db2DatabaseDialect.java,40
jdbc-connector-for-apache-kafka-master,io.aiven.connect.jdbc.dialect,DatabaseDialects,6,0,8,5,134,17,0,0,0.25,5,3,/Users/krish/jdbc-connector-for-apache-kafka-master/src/main/java/io/aiven/connect/jdbc/dialect/DatabaseDialects.java,42
jdbc-connector-for-apache-kafka-master,io.aiven.connect.jdbc.dialect,DatabaseDialects.JdbcUrlDetails,3,0,0,0,22,0,0,0,-1.0,0,0,/Users/krish/jdbc-connector-for-apache-kafka-master/src/main/java/io/aiven/connect/jdbc/dialect/DatabaseDialects.java,202
jdbc-connector-for-apache-kafka-master,io.aiven.connect.jdbc.dialect,SapHanaDatabaseDialect,0,0,6,4,0,21,0,2,-1.0,2,4,/Users/krish/jdbc-connector-for-apache-kafka-master/src/main/java/io/aiven/connect/jdbc/dialect/SapHanaDatabaseDialect.java,36
jdbc-connector-for-apache-kafka-master,io.aiven.connect.jdbc.dialect,SapHanaDatabaseDialect.Provider,0,0,0,0,11,0,0,0,-1.0,0,0,/Users/krish/jdbc-connector-for-apache-kafka-master/src/main/java/io/aiven/connect/jdbc/dialect/SapHanaDatabaseDialect.java,40
jdbc-connector-for-apache-kafka-master,io.aiven.connect.jdbc.dialect,SybaseDatabaseDialect,0,0,13,5,0,37,0,2,-1.0,1,6,/Users/krish/jdbc-connector-for-apache-kafka-master/src/main/java/io/aiven/connect/jdbc/dialect/SybaseDatabaseDialect.java,43
jdbc-connector-for-apache-kafka-master,io.aiven.connect.jdbc.dialect,SybaseDatabaseDialect.Provider,0,0,0,0,11,0,0,0,-1.0,0,0,/Users/krish/jdbc-connector-for-apache-kafka-master/src/main/java/io/aiven/connect/jdbc/dialect/SybaseDatabaseDialect.java,47
jdbc-connector-for-apache-kafka-master,io.aiven.kafka.connect.jdbc,AbstractIT,10,0,9,0,84,13,0,0,0.0,0,2,/Users/krish/jdbc-connector-for-apache-kafka-master/src/integrationTest/java/io/aiven/kafka/connect/jdbc/AbstractIT.java,47
jdbc-connector-for-apache-kafka-master,io.aiven.kafka.connect.jdbc,SchemaRegistryContainer,1,1,3,3,18,3,0,0,0.6666666666666666,1,0,/Users/krish/jdbc-connector-for-apache-kafka-master/src/integrationTest/java/io/aiven/kafka/connect/jdbc/SchemaRegistryContainer.java,23
jdbc-connector-for-apache-kafka-master,io.aiven.kafka.connect.jdbc,ConnectRunner,5,0,6,3,62,8,0,0,0.0,1,0,/Users/krish/jdbc-connector-for-apache-kafka-master/src/integrationTest/java/io/aiven/kafka/connect/jdbc/ConnectRunner.java,42
jdbc-connector-for-apache-kafka-master,io.aiven.kafka.connect.jdbc.oracle,AbstractOracleIT,3,1,3,0,33,3,2,0,0.0,0,0,/Users/krish/jdbc-connector-for-apache-kafka-master/src/integrationTest/java/io/aiven/kafka/connect/jdbc/oracle/AbstractOracleIT.java,34
jdbc-connector-for-apache-kafka-master,io.aiven.kafka.connect.jdbc.oracle,VerifyInsertIT,6,0,11,5,97,14,0,1,0.0,0,0,/Users/krish/jdbc-connector-for-apache-kafka-master/src/integrationTest/java/io/aiven/kafka/connect/jdbc/oracle/VerifyInsertIT.java,41
jdbc-connector-for-apache-kafka-master,io.aiven.kafka.connect.jdbc.oracle,VerifyDeleteIT,5,0,12,6,135,22,0,1,0.0,0,0,/Users/krish/jdbc-connector-for-apache-kafka-master/src/integrationTest/java/io/aiven/kafka/connect/jdbc/oracle/VerifyDeleteIT.java,41
jdbc-connector-for-apache-kafka-master,io.aiven.kafka.connect.jdbc.postgres,PartitionedTableIntegrationTest,6,0,5,0,52,8,0,1,0.0,0,0,/Users/krish/jdbc-connector-for-apache-kafka-master/src/integrationTest/java/io/aiven/kafka/connect/jdbc/postgres/PartitionedTableIntegrationTest.java,41
jdbc-connector-for-apache-kafka-master,io.aiven.kafka.connect.jdbc.postgres,UnqualifiedTableNamesIntegrationTest,8,0,11,4,100,13,0,1,0.18181818181818182,0,0,/Users/krish/jdbc-connector-for-apache-kafka-master/src/integrationTest/java/io/aiven/kafka/connect/jdbc/postgres/UnqualifiedTableNamesIntegrationTest.java,38
jdbc-connector-for-apache-kafka-master,io.aiven.kafka.connect.jdbc.postgres,VerifyInsertIT,6,0,11,5,97,14,0,1,0.0,0,0,/Users/krish/jdbc-connector-for-apache-kafka-master/src/integrationTest/java/io/aiven/kafka/connect/jdbc/postgres/VerifyInsertIT.java,41
jdbc-connector-for-apache-kafka-master,io.aiven.kafka.connect.jdbc.postgres,AbstractPostgresIT,3,1,3,0,32,3,4,0,0.0,0,0,/Users/krish/jdbc-connector-for-apache-kafka-master/src/integrationTest/java/io/aiven/kafka/connect/jdbc/postgres/AbstractPostgresIT.java,35
jdbc-connector-for-apache-kafka-master,io.aiven.kafka.connect.jdbc.postgres,VerifyDeleteIT,5,0,12,6,135,22,0,1,0.0,0,0,/Users/krish/jdbc-connector-for-apache-kafka-master/src/integrationTest/java/io/aiven/kafka/connect/jdbc/postgres/VerifyDeleteIT.java,41
jdbc-connector-for-apache-kafka-master,io.aiven.connect.jdbc.config,JdbcConfig,22,6,13,7,63,13,0,0,0.15384615384615385,27,2,/Users/krish/jdbc-connector-for-apache-kafka-master/src/main/java/io/aiven/connect/jdbc/config/JdbcConfig.java,31
jdbc-connector-for-apache-kafka-master,io.aiven.connect.jdbc.config,DatabaseDialectRecommender,2,1,4,4,23,5,0,0,0.5,1,0,/Users/krish/jdbc-connector-for-apache-kafka-master/src/main/java/io/aiven/connect/jdbc/config/DatabaseDialectRecommender.java,29
